-- MySQL dump 10.13  Distrib 5.1.47, for unknown-linux-gnu (x86_64)
--
-- Host: localhost    Database: akamados_lakotadev
-- ------------------------------------------------------
-- Server version	5.1.47-community-log

/*!40101 SET @OLD_CHARACTER_SET_CLIENT=@@CHARACTER_SET_CLIENT */;
/*!40101 SET @OLD_CHARACTER_SET_RESULTS=@@CHARACTER_SET_RESULTS */;
/*!40101 SET @OLD_COLLATION_CONNECTION=@@COLLATION_CONNECTION */;
/*!40101 SET NAMES utf8 */;
/*!40103 SET @OLD_TIME_ZONE=@@TIME_ZONE */;
/*!40103 SET TIME_ZONE='+00:00' */;
/*!40014 SET @OLD_UNIQUE_CHECKS=@@UNIQUE_CHECKS, UNIQUE_CHECKS=0 */;
/*!40014 SET @OLD_FOREIGN_KEY_CHECKS=@@FOREIGN_KEY_CHECKS, FOREIGN_KEY_CHECKS=0 */;
/*!40101 SET @OLD_SQL_MODE=@@SQL_MODE, SQL_MODE='NO_AUTO_VALUE_ON_ZERO' */;
/*!40111 SET @OLD_SQL_NOTES=@@SQL_NOTES, SQL_NOTES=0 */;

--
-- Table structure for table `cart_items`
--

DROP TABLE IF EXISTS `cart_items`;
/*!40101 SET @saved_cs_client     = @@character_set_client */;
/*!40101 SET character_set_client = utf8 */;
CREATE TABLE `cart_items` (
  `id` int(11) NOT NULL AUTO_INCREMENT,
  `item_id` int(11) DEFAULT NULL,
  `cart_id` int(11) DEFAULT NULL,
  `price` float DEFAULT NULL,
  `amount` int(11) DEFAULT NULL,
  `created_at` datetime DEFAULT NULL,
  `updated_at` datetime DEFAULT NULL,
  PRIMARY KEY (`id`)
) ENGINE=InnoDB AUTO_INCREMENT=246 DEFAULT CHARSET=latin1;
/*!40101 SET character_set_client = @saved_cs_client */;

--
-- Dumping data for table `cart_items`
--

LOCK TABLES `cart_items` WRITE;
/*!40000 ALTER TABLE `cart_items` DISABLE KEYS */;
INSERT INTO `cart_items` VALUES (1,1,16,75,7,'2010-09-01 20:24:53','2010-09-02 02:07:14'),(2,1,18,75,2,'2010-09-02 01:20:32','2010-09-02 01:21:20'),(3,1,19,75,1,'2010-09-02 01:21:44','2010-09-02 01:21:44'),(4,1,20,75,1,'2010-09-02 01:26:11','2010-09-02 01:26:11'),(5,2,20,16,1,'2010-09-02 01:29:34','2010-09-02 01:29:34'),(6,2,21,16,2,'2010-09-02 01:54:49','2010-09-02 01:54:50'),(7,2,16,16,5,'2010-09-02 02:00:49','2010-09-02 02:00:55'),(8,3,16,0,3,'2010-09-02 02:06:02','2010-09-02 02:29:46'),(9,5,16,8,1,'2010-09-02 02:06:20','2010-09-02 02:06:20'),(10,12,16,NULL,1,'2010-09-02 02:29:33','2010-09-02 02:29:33'),(11,3,22,0,1,'2010-09-02 02:41:05','2010-09-02 02:41:05'),(12,2,22,16,1,'2010-09-02 02:41:13','2010-09-02 02:41:13'),(13,2,23,16,4,'2010-09-02 03:12:26','2010-09-02 04:17:33'),(14,3,23,0,11,'2010-09-02 03:24:02','2010-09-02 04:02:38'),(15,1,23,75,2,'2010-09-02 03:37:46','2010-09-02 04:03:40'),(16,27,23,NULL,1,'2010-09-02 04:29:19','2010-09-02 04:29:19'),(17,1,25,75,2,'2010-09-02 04:53:15','2010-09-02 05:50:38'),(18,2,25,16,1,'2010-09-02 05:06:20','2010-09-02 05:06:20'),(19,1,30,75,5,'2010-09-03 20:39:09','2010-09-03 20:56:31'),(20,3,30,0,9,'2010-09-03 20:41:05','2010-09-03 21:16:43'),(21,2,30,16,3,'2010-09-03 20:54:55','2010-09-03 21:19:32'),(22,4,30,0,1,'2010-09-03 20:56:51','2010-09-03 20:56:51'),(23,5,30,8,1,'2010-09-03 20:57:00','2010-09-03 20:57:00'),(24,7,30,150,4,'2010-09-03 21:20:31','2010-09-03 22:12:11'),(25,8,30,0,2,'2010-09-03 21:55:09','2010-09-03 23:02:49'),(26,9,30,NULL,2,'2010-09-03 23:02:59','2010-09-03 23:03:22'),(27,31,32,50,1,'2010-09-03 23:21:28','2010-09-03 23:21:28'),(28,33,32,50,1,'2010-09-03 23:21:36','2010-09-03 23:21:36'),(29,32,32,50,2,'2010-09-03 23:21:39','2010-09-03 23:21:42'),(30,14,32,50,2,'2010-09-03 23:22:48','2010-09-03 23:22:54'),(31,2,32,16,1,'2010-09-04 01:20:37','2010-09-04 01:20:37'),(40,4,35,0,2,'2010-09-05 20:33:37','2010-09-05 20:33:42'),(41,5,35,8,1,'2010-09-05 20:33:46','2010-09-05 20:33:46'),(52,2,36,16,1,'2010-09-05 22:36:44','2010-09-05 22:36:44'),(57,21,34,50,1,'2010-09-06 04:05:59','2010-09-06 04:12:31'),(61,1,36,75,1,'2010-09-06 04:23:55','2010-09-06 04:23:55'),(62,4,36,0,2,'2010-09-06 04:24:02','2010-09-06 04:29:14'),(67,2,34,16,6,'2010-09-06 10:24:00','2010-09-07 02:19:19'),(72,2,44,16,1,'2010-09-08 08:26:55','2010-09-08 08:30:56'),(73,3,46,0,1,'2010-09-14 15:48:45','2010-09-14 15:48:45'),(79,8,54,50,1,'2010-09-25 18:02:50','2010-09-25 18:02:50'),(80,3,62,0,1,'2010-10-01 11:05:03','2010-10-01 11:05:03'),(81,3,64,0,1,'2010-10-01 11:05:06','2010-10-01 11:05:06'),(82,3,66,0,1,'2010-10-01 11:05:19','2010-10-01 11:05:19'),(83,3,68,0,1,'2010-10-01 11:05:20','2010-10-01 11:05:20'),(84,3,70,0,1,'2010-10-01 11:05:24','2010-10-01 11:05:24'),(85,3,76,0,1,'2010-10-01 11:05:48','2010-10-01 11:05:48'),(86,3,78,0,1,'2010-10-01 11:05:51','2010-10-01 11:05:51'),(87,3,82,0,1,'2010-10-01 11:06:06','2010-10-01 11:06:06'),(88,3,86,0,1,'2010-10-01 11:08:16','2010-10-01 11:08:16'),(89,3,90,0,1,'2010-10-01 11:08:20','2010-10-01 11:08:20'),(90,3,94,0,1,'2010-10-01 11:09:40','2010-10-01 11:09:40'),(91,3,102,0,1,'2010-10-01 11:14:58','2010-10-01 11:14:58'),(92,3,106,0,1,'2010-10-01 11:20:07','2010-10-01 11:20:07'),(101,1,111,75,1,'2010-10-01 12:13:55','2010-10-01 12:13:55'),(102,2,111,16,1,'2010-10-01 12:14:20','2010-10-01 12:14:20'),(116,5,110,8,3,'2010-10-01 13:17:39','2010-10-01 13:17:46'),(123,2,112,16,1,'2010-10-02 19:54:26','2010-10-02 19:54:26'),(124,1,112,75,1,'2010-10-02 20:48:23','2010-10-02 20:48:23'),(132,2,115,16,1,'2010-10-03 10:57:17','2010-10-03 10:57:17'),(133,3,115,0,1,'2010-10-03 10:57:22','2010-10-03 10:57:22'),(134,5,115,8,1,'2010-10-03 10:57:38','2010-10-03 10:57:38'),(136,7,109,150,1,'2010-10-04 03:08:46','2010-10-04 03:08:46'),(138,9,109,50,1,'2010-10-04 03:08:55','2010-10-04 03:08:55'),(139,3,116,0,1,'2010-10-04 22:55:23','2010-10-04 22:55:23'),(140,2,116,16,1,'2010-10-04 22:55:25','2010-10-04 22:55:25'),(141,5,116,8,1,'2010-10-04 22:55:32','2010-10-04 22:55:32'),(142,1,120,75,1,'2010-10-06 00:12:41','2010-10-06 00:12:41'),(143,2,120,16,1,'2010-10-06 00:12:41','2010-10-06 00:12:41'),(144,3,120,0,1,'2010-10-06 00:12:42','2010-10-06 00:12:42'),(149,11,159,50,1,'2010-10-29 21:35:32','2010-10-29 21:35:32'),(150,2,159,16,1,'2010-10-29 21:35:33','2010-10-29 21:35:33'),(152,4,194,0,1,'2010-11-11 19:11:21','2010-11-11 19:11:21'),(153,3,194,0,1,'2010-11-11 19:11:31','2010-11-11 19:11:31'),(154,6,194,13,1,'2010-11-11 19:11:57','2010-11-11 19:11:57'),(155,9,202,50,1,'2010-11-16 00:26:14','2010-11-16 00:26:14'),(156,34,235,50,1,'2010-12-01 06:03:15','2010-12-01 06:03:15'),(158,2,245,16,1,'2010-12-02 21:33:39','2010-12-02 21:33:39'),(160,1,256,75,1,'2010-12-14 22:43:20','2010-12-14 22:43:20'),(161,3,256,0,1,'2010-12-15 00:57:22','2010-12-15 00:57:22'),(162,3,259,0,1,'2010-12-15 04:37:15','2010-12-15 04:37:15'),(163,2,259,49,1,'2010-12-15 04:37:16','2010-12-15 04:37:16'),(164,1,259,75,1,'2010-12-15 04:37:18','2010-12-15 04:37:18'),(165,6,257,13,1,'2010-12-15 07:14:58','2010-12-15 07:14:58'),(166,5,262,8,1,'2010-12-15 21:12:32','2010-12-15 21:12:32'),(167,2,310,49,1,'2011-01-11 05:56:34','2011-01-11 05:56:34'),(168,18,310,50,1,'2011-01-11 22:33:36','2011-01-11 22:33:36'),(169,13,310,50,1,'2011-01-11 22:33:48','2011-01-11 22:33:48'),(170,5,315,75,1,'2011-01-12 03:32:02','2011-01-12 03:32:02'),(172,5,318,75,1,'2011-01-12 19:10:46','2011-01-12 19:10:46'),(174,3,331,99,1,'2011-01-25 23:21:00','2011-01-25 23:21:00'),(175,3,379,99,1,'2011-02-05 05:26:14','2011-02-05 05:26:14'),(176,2,379,49,1,'2011-02-05 05:26:22','2011-02-05 05:26:22'),(177,1,379,0,1,'2011-02-05 05:26:24','2011-02-05 05:26:24'),(178,2,399,49,1,'2011-02-15 07:04:40','2011-02-15 07:04:40'),(179,3,399,99,1,'2011-02-15 07:04:41','2011-02-15 07:04:41'),(183,2,400,49,1,'2011-02-16 00:33:37','2011-02-16 00:33:37'),(184,5,401,75,1,'2011-02-16 00:41:57','2011-02-16 00:41:57'),(185,6,401,75,1,'2011-02-16 00:42:02','2011-02-16 00:42:02'),(186,36,400,30,1,'2011-02-16 04:29:24','2011-02-16 04:29:24'),(187,6,403,75,1,'2011-02-16 04:30:13','2011-02-16 04:30:13'),(188,3,403,99,1,'2011-02-16 04:30:17','2011-02-16 04:30:17'),(189,2,408,49,1,'2011-02-16 19:26:01','2011-02-16 19:26:01'),(193,5,410,75,1,'2011-02-16 20:19:43','2011-02-16 20:19:43'),(194,4,410,200,1,'2011-02-16 20:19:46','2011-02-16 20:19:46'),(195,6,410,75,1,'2011-02-16 20:19:46','2011-02-16 20:19:46'),(196,6,412,75,1,'2011-02-16 20:21:43','2011-02-16 20:21:43'),(197,5,412,75,1,'2011-02-16 20:21:44','2011-02-16 20:21:44'),(198,4,412,200,1,'2011-02-16 20:21:47','2011-02-16 20:21:47'),(199,2,452,49,1,'2011-02-21 02:08:13','2011-02-21 02:08:13'),(200,3,452,99,1,'2011-02-21 02:08:16','2011-02-21 02:08:16'),(201,6,454,75,1,'2011-02-22 01:29:10','2011-02-22 01:29:10'),(202,38,454,50,1,'2011-02-22 01:29:18','2011-02-22 01:29:18'),(203,5,456,75,1,'2011-02-22 01:34:01','2011-02-22 01:34:01'),(204,4,456,200,1,'2011-02-22 01:34:03','2011-02-22 01:34:03'),(205,3,457,99,1,'2011-02-22 01:51:03','2011-02-22 01:51:03'),(206,5,457,75,1,'2011-02-22 01:51:07','2011-02-22 01:51:07'),(207,20,458,400,1,'2011-02-22 02:01:35','2011-02-22 02:01:35'),(208,21,458,50,1,'2011-02-22 02:01:42','2011-02-22 02:01:42'),(209,19,458,50,1,'2011-02-22 02:01:46','2011-02-22 02:01:46'),(210,17,460,50,1,'2011-02-22 09:47:10','2011-02-22 09:47:10'),(211,14,460,50,1,'2011-02-22 09:47:11','2011-02-22 09:47:11'),(212,10,460,50,1,'2011-02-22 09:47:12','2011-02-22 09:47:12'),(213,36,462,30,1,'2011-02-22 17:52:02','2011-02-22 17:52:02'),(214,35,462,60,1,'2011-02-22 17:52:03','2011-02-22 17:52:03'),(215,32,462,50,1,'2011-02-22 17:52:08','2011-02-22 17:52:08'),(216,3,463,99,1,'2011-02-22 18:06:14','2011-02-22 18:06:14'),(217,2,463,49,1,'2011-02-22 18:06:16','2011-02-22 18:06:16'),(218,2,464,49,1,'2011-02-22 18:11:35','2011-02-22 18:11:35'),(219,5,464,75,1,'2011-02-22 18:11:39','2011-02-22 18:11:39'),(220,6,465,75,1,'2011-02-22 19:09:58','2011-02-22 19:09:58'),(221,5,465,75,1,'2011-02-22 19:09:59','2011-02-22 19:09:59'),(222,4,465,200,1,'2011-02-22 19:09:59','2011-02-22 19:09:59'),(223,22,467,650,1,'2011-02-22 19:19:46','2011-02-22 19:19:46'),(224,33,467,35,1,'2011-02-22 19:19:54','2011-02-22 19:19:54'),(225,5,469,75,1,'2011-02-22 19:47:05','2011-02-22 19:47:05'),(226,14,471,50,1,'2011-02-22 20:59:11','2011-02-22 20:59:11'),(227,17,471,50,1,'2011-02-22 20:59:15','2011-02-22 20:59:15'),(228,29,473,50,1,'2011-02-22 23:52:51','2011-02-22 23:52:51'),(229,27,473,50,1,'2011-02-22 23:52:54','2011-02-22 23:52:54'),(230,26,473,50,1,'2011-02-22 23:52:56','2011-02-22 23:52:56'),(231,25,473,50,1,'2011-02-22 23:52:57','2011-02-22 23:52:57'),(232,30,473,50,1,'2011-02-22 23:53:01','2011-02-22 23:53:01'),(233,12,483,25,1,'2011-02-23 07:42:32','2011-02-23 07:42:32'),(234,22,493,650,1,'2011-02-28 21:58:11','2011-02-28 21:58:11'),(237,3,498,99,1,'2011-03-02 21:11:23','2011-03-02 21:11:23'),(240,27,498,50,1,'2011-03-02 21:40:18','2011-03-02 21:40:18'),(241,26,498,50,1,'2011-03-02 21:40:19','2011-03-02 21:40:19'),(242,25,498,50,1,'2011-03-02 21:40:21','2011-03-02 21:40:21'),(243,24,498,50,1,'2011-03-02 21:40:59','2011-03-02 21:40:59'),(244,5,505,75,1,'2011-03-06 19:07:50','2011-03-06 19:07:50'),(245,6,505,75,1,'2011-03-06 19:07:52','2011-03-06 19:07:52');
/*!40000 ALTER TABLE `cart_items` ENABLE KEYS */;
UNLOCK TABLES;

--
-- Table structure for table `carts`
--

DROP TABLE IF EXISTS `carts`;
/*!40101 SET @saved_cs_client     = @@character_set_client */;
/*!40101 SET character_set_client = utf8 */;
CREATE TABLE `carts` (
  `id` int(11) NOT NULL AUTO_INCREMENT,
  `created_at` datetime DEFAULT NULL,
  `updated_at` datetime DEFAULT NULL,
  `purchased_at` datetime DEFAULT NULL,
  PRIMARY KEY (`id`)
) ENGINE=InnoDB AUTO_INCREMENT=565 DEFAULT CHARSET=latin1;
/*!40101 SET character_set_client = @saved_cs_client */;

--
-- Dumping data for table `carts`
--

LOCK TABLES `carts` WRITE;
/*!40000 ALTER TABLE `carts` DISABLE KEYS */;
INSERT INTO `carts` VALUES (1,'2010-08-26 01:13:39','2010-08-26 01:13:39',NULL),(2,'2010-08-26 02:05:25','2010-08-26 02:05:25',NULL),(3,'2010-08-26 05:32:07','2010-08-26 05:32:07',NULL),(4,'2010-08-26 22:15:57','2010-08-26 22:15:57',NULL),(5,'2010-08-27 00:36:46','2010-08-27 00:36:46',NULL),(6,'2010-08-27 19:29:03','2010-08-27 19:29:03',NULL),(7,'2010-08-28 07:29:46','2010-08-28 07:29:46',NULL),(8,'2010-08-28 20:06:51','2010-08-28 20:06:51',NULL),(9,'2010-08-30 11:51:56','2010-08-30 11:51:56',NULL),(10,'2010-08-30 17:40:52','2010-08-30 17:40:52',NULL),(11,'2010-08-30 17:40:53','2010-08-30 17:40:53',NULL),(12,'2010-08-30 17:40:54','2010-08-30 17:40:54',NULL),(13,'2010-08-30 19:36:53','2010-08-30 19:36:53',NULL),(14,'2010-08-31 20:26:09','2010-08-31 20:26:09',NULL),(15,'2010-08-31 21:24:52','2010-08-31 21:24:52',NULL),(16,'2010-09-01 19:19:44','2010-09-01 19:19:44',NULL),(17,'2010-09-01 20:03:28','2010-09-01 20:03:28',NULL),(18,'2010-09-02 01:07:50','2010-09-02 01:07:50',NULL),(19,'2010-09-02 01:21:38','2010-09-02 01:21:38',NULL),(20,'2010-09-02 01:25:56','2010-09-02 01:25:56',NULL),(21,'2010-09-02 01:54:45','2010-09-02 01:54:45',NULL),(22,'2010-09-02 02:41:01','2010-09-02 02:41:01',NULL),(23,'2010-09-02 03:12:14','2010-09-02 03:12:14',NULL),(24,'2010-09-02 04:22:35','2010-09-02 04:22:35',NULL),(25,'2010-09-02 04:30:33','2010-09-02 04:30:33',NULL),(26,'2010-09-02 05:25:51','2010-09-02 05:25:51',NULL),(27,'2010-09-02 05:52:08','2010-09-02 05:52:08',NULL),(28,'2010-09-02 05:56:52','2010-09-02 05:56:52',NULL),(29,'2010-09-03 04:32:30','2010-09-03 04:32:30',NULL),(30,'2010-09-03 19:54:54','2010-09-03 19:54:54',NULL),(31,'2010-09-03 20:37:56','2010-09-03 20:37:56',NULL),(32,'2010-09-03 23:13:05','2010-09-03 23:13:05',NULL),(33,'2010-09-04 15:42:18','2010-09-04 15:42:18',NULL),(34,'2010-09-05 19:33:42','2010-09-05 19:33:42',NULL),(35,'2010-09-05 20:33:16','2010-09-05 20:33:16',NULL),(36,'2010-09-05 22:36:17','2010-09-05 22:36:17',NULL),(37,'2010-09-06 20:12:31','2010-09-06 20:12:31',NULL),(38,'2010-09-06 21:38:04','2010-09-06 21:38:04',NULL),(39,'2010-09-07 06:54:07','2010-09-07 06:54:07',NULL),(40,'2010-09-07 14:07:33','2010-09-07 14:07:33',NULL),(41,'2010-09-08 01:47:10','2010-09-08 01:47:10',NULL),(42,'2010-09-08 02:01:04','2010-09-08 02:01:04',NULL),(43,'2010-09-08 05:30:08','2010-09-08 05:30:08',NULL),(44,'2010-09-08 08:26:48','2010-09-08 08:26:48',NULL),(45,'2010-09-12 21:04:58','2010-09-12 21:04:58',NULL),(46,'2010-09-14 15:48:25','2010-09-14 15:48:25',NULL),(47,'2010-09-14 23:41:02','2010-09-14 23:41:02',NULL),(48,'2010-09-15 12:32:54','2010-09-15 12:32:54',NULL),(49,'2010-09-16 16:25:48','2010-09-16 16:25:48',NULL),(50,'2010-09-17 17:34:31','2010-09-17 17:34:31',NULL),(51,'2010-09-19 12:02:30','2010-09-19 12:02:30',NULL),(52,'2010-09-20 19:05:06','2010-09-20 19:05:06',NULL),(53,'2010-09-23 04:05:20','2010-09-23 04:05:20',NULL),(54,'2010-09-25 04:04:29','2010-09-25 04:04:29',NULL),(55,'2010-09-25 21:37:05','2010-09-25 21:37:05',NULL),(56,'2010-09-26 03:54:58','2010-09-26 03:54:58',NULL),(57,'2010-10-01 11:04:59','2010-10-01 11:04:59',NULL),(58,'2010-10-01 11:04:59','2010-10-01 11:04:59',NULL),(59,'2010-10-01 11:05:01','2010-10-01 11:05:01',NULL),(60,'2010-10-01 11:05:01','2010-10-01 11:05:01',NULL),(61,'2010-10-01 11:05:03','2010-10-01 11:05:03',NULL),(62,'2010-10-01 11:05:03','2010-10-01 11:05:03',NULL),(63,'2010-10-01 11:05:06','2010-10-01 11:05:06',NULL),(64,'2010-10-01 11:05:06','2010-10-01 11:05:06',NULL),(65,'2010-10-01 11:05:18','2010-10-01 11:05:18',NULL),(66,'2010-10-01 11:05:19','2010-10-01 11:05:19',NULL),(67,'2010-10-01 11:05:20','2010-10-01 11:05:20',NULL),(68,'2010-10-01 11:05:20','2010-10-01 11:05:20',NULL),(69,'2010-10-01 11:05:24','2010-10-01 11:05:24',NULL),(70,'2010-10-01 11:05:24','2010-10-01 11:05:24',NULL),(71,'2010-10-01 11:05:29','2010-10-01 11:05:29',NULL),(72,'2010-10-01 11:05:29','2010-10-01 11:05:29',NULL),(73,'2010-10-01 11:05:42','2010-10-01 11:05:42',NULL),(74,'2010-10-01 11:05:42','2010-10-01 11:05:42',NULL),(75,'2010-10-01 11:05:48','2010-10-01 11:05:48',NULL),(76,'2010-10-01 11:05:48','2010-10-01 11:05:48',NULL),(77,'2010-10-01 11:05:50','2010-10-01 11:05:50',NULL),(78,'2010-10-01 11:05:50','2010-10-01 11:05:50',NULL),(79,'2010-10-01 11:05:54','2010-10-01 11:05:54',NULL),(80,'2010-10-01 11:05:54','2010-10-01 11:05:54',NULL),(81,'2010-10-01 11:06:06','2010-10-01 11:06:06',NULL),(82,'2010-10-01 11:06:06','2010-10-01 11:06:06',NULL),(83,'2010-10-01 11:06:07','2010-10-01 11:06:07',NULL),(84,'2010-10-01 11:06:07','2010-10-01 11:06:07',NULL),(85,'2010-10-01 11:08:15','2010-10-01 11:08:15',NULL),(86,'2010-10-01 11:08:15','2010-10-01 11:08:15',NULL),(87,'2010-10-01 11:08:18','2010-10-01 11:08:18',NULL),(88,'2010-10-01 11:08:18','2010-10-01 11:08:18',NULL),(89,'2010-10-01 11:08:20','2010-10-01 11:08:20',NULL),(90,'2010-10-01 11:08:20','2010-10-01 11:08:20',NULL),(91,'2010-10-01 11:08:23','2010-10-01 11:08:23',NULL),(92,'2010-10-01 11:08:23','2010-10-01 11:08:23',NULL),(93,'2010-10-01 11:09:40','2010-10-01 11:09:40',NULL),(94,'2010-10-01 11:09:40','2010-10-01 11:09:40',NULL),(95,'2010-10-01 11:09:44','2010-10-01 11:09:44',NULL),(96,'2010-10-01 11:09:44','2010-10-01 11:09:44',NULL),(97,'2010-10-01 11:09:55','2010-10-01 11:09:55',NULL),(98,'2010-10-01 11:09:55','2010-10-01 11:09:55',NULL),(99,'2010-10-01 11:14:45','2010-10-01 11:14:45',NULL),(100,'2010-10-01 11:14:45','2010-10-01 11:14:45',NULL),(101,'2010-10-01 11:14:58','2010-10-01 11:14:58',NULL),(102,'2010-10-01 11:14:58','2010-10-01 11:14:58',NULL),(103,'2010-10-01 11:15:02','2010-10-01 11:15:02',NULL),(104,'2010-10-01 11:15:03','2010-10-01 11:15:03',NULL),(105,'2010-10-01 11:20:07','2010-10-01 11:20:07',NULL),(106,'2010-10-01 11:20:07','2010-10-01 11:20:07',NULL),(107,'2010-10-01 11:20:09','2010-10-01 11:20:09',NULL),(108,'2010-10-01 11:20:10','2010-10-01 11:20:10',NULL),(109,'2010-10-01 11:20:43','2010-10-01 11:20:43',NULL),(110,'2010-10-01 11:59:09','2010-10-01 11:59:09',NULL),(111,'2010-10-01 12:13:44','2010-10-01 12:13:44',NULL),(112,'2010-10-02 19:42:18','2010-10-02 19:42:18',NULL),(113,'2010-10-02 20:35:59','2010-10-02 20:35:59',NULL),(114,'2010-10-03 00:35:20','2010-10-03 00:35:20',NULL),(115,'2010-10-03 02:29:48','2010-10-03 02:29:48',NULL),(116,'2010-10-04 22:55:03','2010-10-04 22:55:03',NULL),(117,'2010-10-05 05:04:32','2010-10-05 05:04:32',NULL),(118,'2010-10-05 10:37:57','2010-10-05 10:37:57',NULL),(119,'2010-10-05 18:25:32','2010-10-05 18:25:32',NULL),(120,'2010-10-06 00:12:37','2010-10-06 00:12:37',NULL),(121,'2010-10-06 06:09:49','2010-10-06 06:09:49',NULL),(122,'2010-10-06 11:01:33','2010-10-06 11:01:33',NULL),(123,'2010-10-07 07:21:43','2010-10-07 07:21:43',NULL),(124,'2010-10-08 01:33:10','2010-10-08 01:33:10',NULL),(125,'2010-10-08 02:49:57','2010-10-08 02:49:57',NULL),(126,'2010-10-09 01:59:45','2010-10-09 01:59:45',NULL),(127,'2010-10-10 02:36:34','2010-10-10 02:36:34',NULL),(128,'2010-10-10 05:38:18','2010-10-10 05:38:18',NULL),(129,'2010-10-10 18:13:41','2010-10-10 18:13:41',NULL),(130,'2010-10-11 11:03:27','2010-10-11 11:03:27',NULL),(131,'2010-10-11 11:03:28','2010-10-11 11:03:28',NULL),(132,'2010-10-11 11:03:28','2010-10-11 11:03:28',NULL),(133,'2010-10-12 15:03:10','2010-10-12 15:03:10',NULL),(134,'2010-10-12 20:34:01','2010-10-12 20:34:01',NULL),(135,'2010-10-15 06:21:25','2010-10-15 06:21:25',NULL),(136,'2010-10-15 20:45:50','2010-10-15 20:45:50',NULL),(137,'2010-10-16 09:52:42','2010-10-16 09:52:42',NULL),(138,'2010-10-16 09:52:42','2010-10-16 09:52:42',NULL),(139,'2010-10-20 23:08:24','2010-10-20 23:08:24',NULL),(140,'2010-10-21 18:35:44','2010-10-21 18:35:44',NULL),(141,'2010-10-22 07:05:54','2010-10-22 07:05:54',NULL),(142,'2010-10-22 22:34:06','2010-10-22 22:34:06',NULL),(143,'2010-10-23 12:13:40','2010-10-23 12:13:40',NULL),(144,'2010-10-25 18:06:22','2010-10-25 18:06:22',NULL),(145,'2010-10-25 18:31:13','2010-10-25 18:31:13',NULL),(146,'2010-10-25 19:50:14','2010-10-25 19:50:14',NULL),(147,'2010-10-26 01:23:53','2010-10-26 01:23:53',NULL),(148,'2010-10-26 04:34:39','2010-10-26 04:34:39',NULL),(149,'2010-10-26 20:06:30','2010-10-26 20:06:30',NULL),(150,'2010-10-27 03:06:40','2010-10-27 03:06:40',NULL),(151,'2010-10-27 05:40:11','2010-10-27 05:40:11',NULL),(152,'2010-10-27 05:50:56','2010-10-27 05:50:56',NULL),(153,'2010-10-27 13:36:36','2010-10-27 13:36:36',NULL),(154,'2010-10-27 21:16:51','2010-10-27 21:16:51',NULL),(155,'2010-10-28 17:05:52','2010-10-28 17:05:52',NULL),(156,'2010-10-28 17:16:17','2010-10-28 17:16:17',NULL),(157,'2010-10-28 20:31:50','2010-10-28 20:31:50',NULL),(158,'2010-10-29 04:43:11','2010-10-29 04:43:11',NULL),(159,'2010-10-29 21:29:18','2010-10-29 21:29:18',NULL),(160,'2010-10-30 05:05:43','2010-10-30 05:05:43',NULL),(161,'2010-10-30 05:07:29','2010-10-30 05:07:29',NULL),(162,'2010-10-30 05:07:34','2010-10-30 05:07:34',NULL),(163,'2010-10-30 05:07:47','2010-10-30 05:07:47',NULL),(164,'2010-10-30 05:07:51','2010-10-30 05:07:51',NULL),(165,'2010-10-30 05:08:07','2010-10-30 05:08:07',NULL),(166,'2010-10-30 05:08:19','2010-10-30 05:08:19',NULL),(167,'2010-10-30 05:08:21','2010-10-30 05:08:21',NULL),(168,'2010-10-30 05:09:48','2010-10-30 05:09:48',NULL),(169,'2010-10-30 05:09:59','2010-10-30 05:09:59',NULL),(170,'2010-10-30 05:10:02','2010-10-30 05:10:02',NULL),(171,'2010-10-30 05:10:22','2010-10-30 05:10:22',NULL),(172,'2010-10-30 05:10:25','2010-10-30 05:10:25',NULL),(173,'2010-10-30 05:10:37','2010-10-30 05:10:37',NULL),(174,'2010-10-30 05:11:19','2010-10-30 05:11:19',NULL),(175,'2010-10-30 05:11:19','2010-10-30 05:11:19',NULL),(176,'2010-10-30 05:12:03','2010-10-30 05:12:03',NULL),(177,'2010-10-30 05:12:03','2010-10-30 05:12:03',NULL),(178,'2010-10-31 00:41:37','2010-10-31 00:41:37',NULL),(179,'2010-10-31 16:36:06','2010-10-31 16:36:06',NULL),(180,'2010-10-31 20:36:53','2010-10-31 20:36:53',NULL),(181,'2010-11-01 05:52:51','2010-11-01 05:52:51',NULL),(182,'2010-11-01 05:53:43','2010-11-01 05:53:43',NULL),(183,'2010-11-04 00:34:43','2010-11-04 00:34:43',NULL),(184,'2010-11-04 04:58:10','2010-11-04 04:58:10',NULL),(185,'2010-11-04 07:52:32','2010-11-04 07:52:32',NULL),(186,'2010-11-04 07:52:33','2010-11-04 07:52:33',NULL),(187,'2010-11-06 04:02:51','2010-11-06 04:02:51',NULL),(188,'2010-11-09 19:22:43','2010-11-09 19:22:43',NULL),(189,'2010-11-09 21:56:15','2010-11-09 21:56:15',NULL),(190,'2010-11-10 01:30:44','2010-11-10 01:30:44',NULL),(191,'2010-11-10 05:52:55','2010-11-10 05:52:55',NULL),(192,'2010-11-11 18:47:24','2010-11-11 18:47:24',NULL),(193,'2010-11-11 19:00:47','2010-11-11 19:00:47',NULL),(194,'2010-11-11 19:08:07','2010-11-11 19:08:07',NULL),(195,'2010-11-12 22:58:36','2010-11-12 22:58:36',NULL),(196,'2010-11-13 13:12:02','2010-11-13 13:12:02',NULL),(197,'2010-11-13 19:05:46','2010-11-13 19:05:46',NULL),(198,'2010-11-13 19:08:21','2010-11-13 19:08:21',NULL),(199,'2010-11-15 01:19:20','2010-11-15 01:19:20',NULL),(200,'2010-11-15 01:57:31','2010-11-15 01:57:31',NULL),(201,'2010-11-15 08:06:32','2010-11-15 08:06:32',NULL),(202,'2010-11-15 23:54:52','2010-11-15 23:54:52',NULL),(203,'2010-11-16 16:55:21','2010-11-16 16:55:21',NULL),(204,'2010-11-16 16:55:42','2010-11-16 16:55:42',NULL),(205,'2010-11-17 10:03:46','2010-11-17 10:03:46',NULL),(206,'2010-11-19 22:15:28','2010-11-19 22:15:28',NULL),(207,'2010-11-20 15:32:44','2010-11-20 15:32:44',NULL),(208,'2010-11-22 21:43:48','2010-11-22 21:43:48',NULL),(209,'2010-11-22 23:10:38','2010-11-22 23:10:38',NULL),(210,'2010-11-24 13:14:11','2010-11-24 13:14:11',NULL),(211,'2010-11-24 13:15:56','2010-11-24 13:15:56',NULL),(212,'2010-11-24 13:15:58','2010-11-24 13:15:58',NULL),(213,'2010-11-24 13:16:03','2010-11-24 13:16:03',NULL),(214,'2010-11-24 13:16:05','2010-11-24 13:16:05',NULL),(215,'2010-11-24 13:16:10','2010-11-24 13:16:10',NULL),(216,'2010-11-24 13:16:15','2010-11-24 13:16:15',NULL),(217,'2010-11-24 13:16:16','2010-11-24 13:16:16',NULL),(218,'2010-11-24 13:16:19','2010-11-24 13:16:19',NULL),(219,'2010-11-24 13:16:21','2010-11-24 13:16:21',NULL),(220,'2010-11-24 13:16:26','2010-11-24 13:16:26',NULL),(221,'2010-11-24 13:16:26','2010-11-24 13:16:26',NULL),(222,'2010-11-24 13:16:30','2010-11-24 13:16:30',NULL),(223,'2010-11-24 13:16:31','2010-11-24 13:16:31',NULL),(224,'2010-11-24 13:16:35','2010-11-24 13:16:35',NULL),(225,'2010-11-24 13:16:35','2010-11-24 13:16:35',NULL),(226,'2010-11-24 13:16:40','2010-11-24 13:16:40',NULL),(227,'2010-11-24 13:16:42','2010-11-24 13:16:42',NULL),(228,'2010-11-24 13:16:43','2010-11-24 13:16:43',NULL),(229,'2010-11-26 21:54:31','2010-11-26 21:54:31',NULL),(230,'2010-11-27 21:10:26','2010-11-27 21:10:26',NULL),(231,'2010-11-29 19:06:44','2010-11-29 19:06:44',NULL),(232,'2010-11-30 18:43:48','2010-11-30 18:43:48',NULL),(233,'2010-11-30 21:26:04','2010-11-30 21:26:04',NULL),(234,'2010-12-01 03:26:29','2010-12-01 03:26:29',NULL),(235,'2010-12-01 05:59:39','2010-12-01 05:59:39',NULL),(236,'2010-12-01 21:12:18','2010-12-01 21:12:18',NULL),(237,'2010-12-01 21:12:35','2010-12-01 21:12:35',NULL),(238,'2010-12-01 21:12:39','2010-12-01 21:12:39',NULL),(239,'2010-12-02 14:30:18','2010-12-02 14:30:18',NULL),(240,'2010-12-02 16:41:29','2010-12-02 16:41:29',NULL),(241,'2010-12-02 17:15:10','2010-12-02 17:15:10',NULL),(242,'2010-12-02 20:59:42','2010-12-02 20:59:42',NULL),(243,'2010-12-02 20:59:43','2010-12-02 20:59:43',NULL),(244,'2010-12-02 20:59:44','2010-12-02 20:59:44',NULL),(245,'2010-12-02 21:33:25','2010-12-02 21:33:25',NULL),(246,'2010-12-03 00:31:37','2010-12-03 00:31:37',NULL),(247,'2010-12-04 00:34:16','2010-12-04 00:34:16',NULL),(248,'2010-12-07 19:41:26','2010-12-07 19:41:26',NULL),(249,'2010-12-08 21:58:21','2010-12-08 21:58:21',NULL),(250,'2010-12-09 04:05:26','2010-12-09 04:05:26',NULL),(251,'2010-12-09 18:56:31','2010-12-09 18:56:31',NULL),(252,'2010-12-11 11:13:56','2010-12-11 11:13:56',NULL),(253,'2010-12-13 20:31:29','2010-12-13 20:31:29',NULL),(254,'2010-12-13 22:01:17','2010-12-13 22:01:17',NULL),(255,'2010-12-14 03:46:07','2010-12-14 03:46:07',NULL),(256,'2010-12-14 19:57:09','2010-12-14 19:57:09',NULL),(257,'2010-12-14 20:41:44','2010-12-14 20:41:44',NULL),(258,'2010-12-14 22:54:52','2010-12-14 22:54:52',NULL),(259,'2010-12-15 04:05:40','2010-12-15 04:05:40',NULL),(260,'2010-12-15 05:40:42','2010-12-15 05:40:42',NULL),(261,'2010-12-15 17:46:55','2010-12-15 17:46:55',NULL),(262,'2010-12-15 21:09:49','2010-12-15 21:09:49',NULL),(263,'2010-12-16 05:33:34','2010-12-16 05:33:34',NULL),(264,'2010-12-16 09:01:16','2010-12-16 09:01:16',NULL),(265,'2010-12-16 09:01:16','2010-12-16 09:01:16',NULL),(266,'2010-12-16 10:05:03','2010-12-16 10:05:03',NULL),(267,'2010-12-16 20:04:22','2010-12-16 20:04:22',NULL),(268,'2010-12-17 14:29:30','2010-12-17 14:29:30',NULL),(269,'2010-12-18 16:45:26','2010-12-18 16:45:26',NULL),(270,'2010-12-19 09:12:15','2010-12-19 09:12:15',NULL),(271,'2010-12-26 17:44:50','2010-12-26 17:44:50',NULL),(272,'2010-12-28 21:17:46','2010-12-28 21:17:46',NULL),(273,'2010-12-29 19:09:43','2010-12-29 19:09:43',NULL),(274,'2010-12-30 03:39:16','2010-12-30 03:39:16',NULL),(275,'2010-12-30 19:57:27','2010-12-30 19:57:27',NULL),(276,'2010-12-31 19:55:21','2010-12-31 19:55:21',NULL),(277,'2010-12-31 20:55:15','2010-12-31 20:55:15',NULL),(278,'2011-01-01 13:41:35','2011-01-01 13:41:35',NULL),(279,'2011-01-01 13:42:15','2011-01-01 13:42:15',NULL),(280,'2011-01-01 13:42:22','2011-01-01 13:42:22',NULL),(281,'2011-01-01 13:42:24','2011-01-01 13:42:24',NULL),(282,'2011-01-01 13:42:32','2011-01-01 13:42:32',NULL),(283,'2011-01-01 13:42:38','2011-01-01 13:42:38',NULL),(284,'2011-01-01 13:42:39','2011-01-01 13:42:39',NULL),(285,'2011-01-01 13:42:44','2011-01-01 13:42:44',NULL),(286,'2011-01-01 13:42:46','2011-01-01 13:42:46',NULL),(287,'2011-01-01 13:42:54','2011-01-01 13:42:54',NULL),(288,'2011-01-01 13:42:55','2011-01-01 13:42:55',NULL),(289,'2011-01-01 13:42:59','2011-01-01 13:42:59',NULL),(290,'2011-01-01 13:42:59','2011-01-01 13:42:59',NULL),(291,'2011-01-01 13:43:01','2011-01-01 13:43:01',NULL),(292,'2011-01-01 13:43:07','2011-01-01 13:43:07',NULL),(293,'2011-01-01 13:43:08','2011-01-01 13:43:08',NULL),(294,'2011-01-01 13:43:10','2011-01-01 13:43:10',NULL),(295,'2011-01-01 13:43:11','2011-01-01 13:43:11',NULL),(296,'2011-01-01 13:43:12','2011-01-01 13:43:12',NULL),(297,'2011-01-01 13:43:14','2011-01-01 13:43:14',NULL),(298,'2011-01-01 13:43:14','2011-01-01 13:43:14',NULL),(299,'2011-01-04 23:57:25','2011-01-04 23:57:25',NULL),(300,'2011-01-05 17:01:31','2011-01-05 17:01:31',NULL),(301,'2011-01-05 19:01:10','2011-01-05 19:01:10',NULL),(302,'2011-01-05 19:55:02','2011-01-05 19:55:02',NULL),(303,'2011-01-06 15:50:01','2011-01-06 15:50:01',NULL),(304,'2011-01-07 01:57:05','2011-01-07 01:57:05',NULL),(305,'2011-01-07 03:14:18','2011-01-07 03:14:18',NULL),(306,'2011-01-09 04:25:12','2011-01-09 04:25:12',NULL),(307,'2011-01-10 05:40:59','2011-01-10 05:40:59',NULL),(308,'2011-01-10 22:57:13','2011-01-10 22:57:13',NULL),(309,'2011-01-11 04:20:14','2011-01-11 04:20:14',NULL),(310,'2011-01-11 05:39:34','2011-01-11 05:39:34',NULL),(311,'2011-01-11 21:50:03','2011-01-11 21:50:03',NULL),(312,'2011-01-12 00:12:37','2011-01-12 00:12:37',NULL),(313,'2011-01-12 01:53:16','2011-01-12 01:53:16',NULL),(314,'2011-01-12 02:42:35','2011-01-12 02:42:35',NULL),(315,'2011-01-12 03:27:16','2011-01-12 03:27:16',NULL),(316,'2011-01-12 05:39:03','2011-01-12 05:39:03',NULL),(317,'2011-01-12 06:46:33','2011-01-12 06:46:33',NULL),(318,'2011-01-12 19:09:47','2011-01-12 19:09:47',NULL),(319,'2011-01-13 21:23:26','2011-01-13 21:23:26',NULL),(320,'2011-01-14 15:52:34','2011-01-14 15:52:34',NULL),(321,'2011-01-16 09:53:16','2011-01-16 09:53:16',NULL),(322,'2011-01-16 09:53:23','2011-01-16 09:53:23',NULL),(323,'2011-01-18 07:15:47','2011-01-18 07:15:47',NULL),(324,'2011-01-18 22:24:45','2011-01-18 22:24:45',NULL),(325,'2011-01-19 03:42:06','2011-01-19 03:42:06',NULL),(326,'2011-01-19 03:42:06','2011-01-19 03:42:06',NULL),(327,'2011-01-21 08:00:05','2011-01-21 08:00:05',NULL),(328,'2011-01-21 14:36:26','2011-01-21 14:36:26',NULL),(329,'2011-01-24 05:09:44','2011-01-24 05:09:44',NULL),(330,'2011-01-25 07:26:58','2011-01-25 07:26:58',NULL),(331,'2011-01-25 23:10:52','2011-01-25 23:10:52',NULL),(332,'2011-01-26 02:52:33','2011-01-26 02:52:33',NULL),(333,'2011-01-29 04:35:19','2011-01-29 04:35:19',NULL),(334,'2011-01-29 04:35:39','2011-01-29 04:35:39',NULL),(335,'2011-01-29 04:35:49','2011-01-29 04:35:49',NULL),(336,'2011-01-29 04:36:20','2011-01-29 04:36:20',NULL),(337,'2011-01-29 04:36:27','2011-01-29 04:36:27',NULL),(338,'2011-01-29 04:36:36','2011-01-29 04:36:36',NULL),(339,'2011-01-29 04:36:50','2011-01-29 04:36:50',NULL),(340,'2011-01-29 04:36:56','2011-01-29 04:36:56',NULL),(341,'2011-01-29 04:37:06','2011-01-29 04:37:06',NULL),(342,'2011-01-29 04:37:08','2011-01-29 04:37:08',NULL),(343,'2011-01-29 04:37:11','2011-01-29 04:37:11',NULL),(344,'2011-01-29 04:37:26','2011-01-29 04:37:26',NULL),(345,'2011-01-29 04:37:44','2011-01-29 04:37:44',NULL),(346,'2011-01-29 04:37:58','2011-01-29 04:37:58',NULL),(347,'2011-01-29 04:38:17','2011-01-29 04:38:17',NULL),(348,'2011-01-29 04:38:29','2011-01-29 04:38:29',NULL),(349,'2011-01-29 04:38:31','2011-01-29 04:38:31',NULL),(350,'2011-01-29 04:38:32','2011-01-29 04:38:32',NULL),(351,'2011-01-29 04:38:34','2011-01-29 04:38:34',NULL),(352,'2011-01-29 04:38:35','2011-01-29 04:38:35',NULL),(353,'2011-01-29 04:38:38','2011-01-29 04:38:38',NULL),(354,'2011-01-29 04:38:45','2011-01-29 04:38:45',NULL),(355,'2011-01-29 04:38:48','2011-01-29 04:38:48',NULL),(356,'2011-01-29 04:38:48','2011-01-29 04:38:48',NULL),(357,'2011-01-29 04:38:50','2011-01-29 04:38:50',NULL),(358,'2011-01-29 04:38:51','2011-01-29 04:38:51',NULL),(359,'2011-01-29 04:38:52','2011-01-29 04:38:52',NULL),(360,'2011-01-29 04:38:53','2011-01-29 04:38:53',NULL),(361,'2011-01-29 04:38:54','2011-01-29 04:38:54',NULL),(362,'2011-01-29 04:38:55','2011-01-29 04:38:55',NULL),(363,'2011-01-29 04:38:56','2011-01-29 04:38:56',NULL),(364,'2011-01-29 04:38:58','2011-01-29 04:38:58',NULL),(365,'2011-01-29 04:38:59','2011-01-29 04:38:59',NULL),(366,'2011-01-29 04:39:00','2011-01-29 04:39:00',NULL),(367,'2011-01-29 07:35:01','2011-01-29 07:35:01',NULL),(368,'2011-01-29 07:35:03','2011-01-29 07:35:03',NULL),(369,'2011-01-29 07:35:04','2011-01-29 07:35:04',NULL),(370,'2011-01-30 11:02:29','2011-01-30 11:02:29',NULL),(371,'2011-02-01 04:47:17','2011-02-01 04:47:17',NULL),(372,'2011-02-01 11:50:14','2011-02-01 11:50:14',NULL),(373,'2011-02-02 00:04:48','2011-02-02 00:04:48',NULL),(374,'2011-02-02 00:06:59','2011-02-02 00:06:59',NULL),(375,'2011-02-02 20:06:08','2011-02-02 20:06:08',NULL),(376,'2011-02-02 21:53:01','2011-02-02 21:53:01',NULL),(377,'2011-02-03 10:33:49','2011-02-03 10:33:49',NULL),(378,'2011-02-03 21:46:32','2011-02-03 21:46:32',NULL),(379,'2011-02-05 03:26:10','2011-02-05 03:26:10',NULL),(380,'2011-02-05 04:36:25','2011-02-05 04:36:25',NULL),(381,'2011-02-05 20:30:10','2011-02-05 20:30:10',NULL),(382,'2011-02-06 07:10:10','2011-02-06 07:10:10',NULL),(383,'2011-02-06 20:34:27','2011-02-06 20:34:27',NULL),(384,'2011-02-07 03:32:44','2011-02-07 03:32:44',NULL),(385,'2011-02-07 19:59:54','2011-02-07 19:59:54',NULL),(386,'2011-02-08 10:35:40','2011-02-08 10:35:40',NULL),(387,'2011-02-09 07:10:10','2011-02-09 07:10:10',NULL),(388,'2011-02-09 20:56:22','2011-02-09 20:56:22',NULL),(389,'2011-02-09 20:56:23','2011-02-09 20:56:23',NULL),(390,'2011-02-10 12:02:25','2011-02-10 12:02:25',NULL),(391,'2011-02-12 23:09:08','2011-02-12 23:09:08',NULL),(392,'2011-02-12 23:25:27','2011-02-12 23:25:27',NULL),(393,'2011-02-13 07:00:11','2011-02-13 07:00:11',NULL),(394,'2011-02-13 23:33:26','2011-02-13 23:33:26',NULL),(395,'2011-02-13 23:35:23','2011-02-13 23:35:23',NULL),(396,'2011-02-15 01:33:07','2011-02-15 01:33:07',NULL),(397,'2011-02-15 02:42:37','2011-02-15 02:42:37',NULL),(398,'2011-02-15 02:49:13','2011-02-15 02:49:13',NULL),(399,'2011-02-15 06:18:12','2011-02-15 06:18:12',NULL),(400,'2011-02-15 21:23:01','2011-02-15 21:23:01',NULL),(401,'2011-02-16 00:39:14','2011-02-23 00:44:15','2011-02-23 00:44:15'),(402,'2011-02-16 00:46:24','2011-02-16 00:46:24',NULL),(403,'2011-02-16 04:30:05','2011-02-16 04:30:05',NULL),(404,'2011-02-16 04:32:03','2011-02-16 04:32:03',NULL),(405,'2011-02-16 04:56:48','2011-02-16 04:56:48',NULL),(406,'2011-02-16 09:59:43','2011-02-16 09:59:43',NULL),(407,'2011-02-16 09:59:46','2011-02-16 09:59:46',NULL),(408,'2011-02-16 19:23:32','2011-02-16 19:23:32',NULL),(409,'2011-02-16 19:29:31','2011-02-16 19:29:31',NULL),(410,'2011-02-16 19:51:51','2011-02-16 19:51:51',NULL),(411,'2011-02-16 19:54:12','2011-02-16 19:54:12',NULL),(412,'2011-02-16 20:21:36','2011-02-16 20:21:36',NULL),(413,'2011-02-16 20:23:26','2011-02-16 20:23:26',NULL),(414,'2011-02-17 15:56:42','2011-02-17 15:56:42',NULL),(415,'2011-02-18 01:08:55','2011-02-18 01:08:55',NULL),(416,'2011-02-18 20:51:54','2011-02-18 20:51:54',NULL),(417,'2011-02-18 20:51:59','2011-02-18 20:51:59',NULL),(418,'2011-02-18 20:52:02','2011-02-18 20:52:02',NULL),(419,'2011-02-19 10:21:41','2011-02-19 10:21:41',NULL),(420,'2011-02-20 03:19:47','2011-02-20 03:19:47',NULL),(421,'2011-02-20 03:21:14','2011-02-20 03:21:14',NULL),(422,'2011-02-20 03:21:16','2011-02-20 03:21:16',NULL),(423,'2011-02-20 03:21:18','2011-02-20 03:21:18',NULL),(424,'2011-02-20 03:21:21','2011-02-20 03:21:21',NULL),(425,'2011-02-20 03:21:24','2011-02-20 03:21:24',NULL),(426,'2011-02-20 03:21:27','2011-02-20 03:21:27',NULL),(427,'2011-02-20 03:21:32','2011-02-20 03:21:32',NULL),(428,'2011-02-20 03:21:35','2011-02-20 03:21:35',NULL),(429,'2011-02-20 03:21:36','2011-02-20 03:21:36',NULL),(430,'2011-02-20 03:21:39','2011-02-20 03:21:39',NULL),(431,'2011-02-20 03:21:45','2011-02-20 03:21:45',NULL),(432,'2011-02-20 03:21:48','2011-02-20 03:21:48',NULL),(433,'2011-02-20 03:21:51','2011-02-20 03:21:51',NULL),(434,'2011-02-20 03:21:54','2011-02-20 03:21:54',NULL),(435,'2011-02-20 03:21:59','2011-02-20 03:21:59',NULL),(436,'2011-02-20 03:22:02','2011-02-20 03:22:02',NULL),(437,'2011-02-20 03:22:04','2011-02-20 03:22:04',NULL),(438,'2011-02-20 03:22:09','2011-02-20 03:22:09',NULL),(439,'2011-02-20 03:22:10','2011-02-20 03:22:10',NULL),(440,'2011-02-20 03:22:13','2011-02-20 03:22:13',NULL),(441,'2011-02-20 03:22:15','2011-02-20 03:22:15',NULL),(442,'2011-02-20 03:22:19','2011-02-20 03:22:19',NULL),(443,'2011-02-20 03:22:28','2011-02-20 03:22:28',NULL),(444,'2011-02-20 03:22:30','2011-02-20 03:22:30',NULL),(445,'2011-02-20 03:22:33','2011-02-20 03:22:33',NULL),(446,'2011-02-20 03:22:41','2011-02-20 03:22:41',NULL),(447,'2011-02-20 03:22:44','2011-02-20 03:22:44',NULL),(448,'2011-02-20 03:22:46','2011-02-20 03:22:46',NULL),(449,'2011-02-20 03:22:50','2011-02-20 03:22:50',NULL),(450,'2011-02-20 03:22:55','2011-02-20 03:22:55',NULL),(451,'2011-02-20 03:22:56','2011-02-20 03:22:56',NULL),(452,'2011-02-21 02:03:50','2011-02-21 02:03:50',NULL),(453,'2011-02-21 21:02:36','2011-02-21 21:02:36',NULL),(454,'2011-02-21 21:49:42','2011-02-21 21:49:42',NULL),(455,'2011-02-21 22:16:26','2011-02-21 22:16:26',NULL),(456,'2011-02-22 01:33:52','2011-02-22 01:33:52',NULL),(457,'2011-02-22 01:50:45','2011-02-22 01:50:45',NULL),(458,'2011-02-22 02:01:19','2011-02-22 02:01:19',NULL),(459,'2011-02-22 04:11:32','2011-02-22 04:11:32',NULL),(460,'2011-02-22 09:39:25','2011-02-22 09:39:25',NULL),(461,'2011-02-22 15:16:55','2011-02-22 15:16:55',NULL),(462,'2011-02-22 17:51:18','2011-02-22 17:51:18',NULL),(463,'2011-02-22 18:06:03','2011-02-23 00:48:17','2011-02-23 00:48:17'),(464,'2011-02-22 18:11:23','2011-02-23 00:48:16','2011-02-23 00:48:16'),(465,'2011-02-22 18:32:16','2011-02-23 00:47:17','2011-02-23 00:47:17'),(466,'2011-02-22 19:13:36','2011-02-22 19:13:36',NULL),(467,'2011-02-22 19:19:29','2011-02-23 00:46:16','2011-02-23 00:46:16'),(468,'2011-02-22 19:21:45','2011-02-22 19:21:45',NULL),(469,'2011-02-22 19:46:56','2011-02-23 00:46:17','2011-02-23 00:46:17'),(470,'2011-02-22 19:48:37','2011-02-22 19:48:37',NULL),(471,'2011-02-22 20:58:46','2011-02-23 00:45:15','2011-02-23 00:45:15'),(472,'2011-02-22 21:01:07','2011-02-22 21:01:07',NULL),(473,'2011-02-22 23:52:33','2011-02-23 00:43:19','2011-02-23 00:43:19'),(474,'2011-02-22 23:58:56','2011-02-22 23:58:56',NULL),(475,'2011-02-23 00:43:19','2011-02-23 00:43:19',NULL),(476,'2011-02-23 00:44:15','2011-02-23 00:44:15',NULL),(477,'2011-02-23 00:45:15','2011-02-23 00:45:15',NULL),(478,'2011-02-23 00:46:16','2011-02-23 00:46:16',NULL),(479,'2011-02-23 00:46:17','2011-02-23 00:46:17',NULL),(480,'2011-02-23 00:47:16','2011-02-23 00:47:16',NULL),(481,'2011-02-23 00:48:16','2011-02-23 00:48:16',NULL),(482,'2011-02-23 00:48:17','2011-02-23 00:48:17',NULL),(483,'2011-02-23 00:49:13','2011-02-23 00:49:13',NULL),(484,'2011-02-23 02:06:28','2011-02-23 02:06:28',NULL),(485,'2011-02-23 11:38:24','2011-02-23 11:38:24',NULL),(486,'2011-02-23 23:10:29','2011-02-23 23:10:29',NULL),(487,'2011-02-23 23:57:40','2011-02-23 23:57:40',NULL),(488,'2011-02-24 18:42:45','2011-02-24 18:42:45',NULL),(489,'2011-02-24 18:42:47','2011-02-24 18:42:47',NULL),(490,'2011-02-25 14:39:51','2011-02-25 14:39:51',NULL),(491,'2011-02-25 21:32:25','2011-02-25 21:32:25',NULL),(492,'2011-02-27 12:57:26','2011-02-27 12:57:26',NULL),(493,'2011-02-28 21:31:49','2011-02-28 21:31:49',NULL),(494,'2011-02-28 23:19:06','2011-02-28 23:19:06',NULL),(495,'2011-03-01 06:58:47','2011-03-01 06:58:47',NULL),(496,'2011-03-01 21:19:52','2011-03-01 21:19:52',NULL),(497,'2011-03-02 10:01:49','2011-03-02 10:01:49',NULL),(498,'2011-03-02 21:10:36','2011-03-02 21:10:36',NULL),(499,'2011-03-02 21:47:31','2011-03-02 21:47:31',NULL),(500,'2011-03-03 05:21:48','2011-03-03 05:21:48',NULL),(501,'2011-03-03 20:46:32','2011-03-03 20:46:32',NULL),(502,'2011-03-04 12:31:09','2011-03-04 12:31:09',NULL),(503,'2011-03-05 15:41:24','2011-03-05 15:41:24',NULL),(504,'2011-03-05 18:23:43','2011-03-05 18:23:43',NULL),(505,'2011-03-06 18:44:54','2011-03-06 18:44:54',NULL),(506,'2011-03-07 10:22:24','2011-03-07 10:22:24',NULL),(507,'2011-03-07 18:04:53','2011-03-07 18:04:53',NULL),(508,'2011-03-07 18:38:01','2011-03-07 18:38:01',NULL),(509,'2011-03-08 16:59:48','2011-03-08 16:59:48',NULL),(510,'2011-03-09 21:36:09','2011-03-09 21:36:09',NULL),(511,'2011-03-11 00:26:37','2011-03-11 00:26:37',NULL),(512,'2011-03-11 17:05:59','2011-03-11 17:05:59',NULL),(513,'2011-03-13 18:41:31','2011-03-13 18:41:31',NULL),(514,'2011-03-13 18:41:54','2011-03-13 18:41:54',NULL),(515,'2011-03-13 18:41:57','2011-03-13 18:41:57',NULL),(516,'2011-03-13 18:41:59','2011-03-13 18:41:59',NULL),(517,'2011-03-13 18:42:02','2011-03-13 18:42:02',NULL),(518,'2011-03-13 18:42:05','2011-03-13 18:42:05',NULL),(519,'2011-03-13 18:42:06','2011-03-13 18:42:06',NULL),(520,'2011-03-13 18:42:09','2011-03-13 18:42:09',NULL),(521,'2011-03-13 18:42:12','2011-03-13 18:42:12',NULL),(522,'2011-03-13 18:42:14','2011-03-13 18:42:14',NULL),(523,'2011-03-13 18:42:16','2011-03-13 18:42:16',NULL),(524,'2011-03-13 18:42:19','2011-03-13 18:42:19',NULL),(525,'2011-03-13 18:42:24','2011-03-13 18:42:24',NULL),(526,'2011-03-13 18:42:26','2011-03-13 18:42:26',NULL),(527,'2011-03-13 18:42:29','2011-03-13 18:42:29',NULL),(528,'2011-03-13 18:42:31','2011-03-13 18:42:31',NULL),(529,'2011-03-13 18:42:36','2011-03-13 18:42:36',NULL),(530,'2011-03-13 18:42:37','2011-03-13 18:42:37',NULL),(531,'2011-03-13 18:42:39','2011-03-13 18:42:39',NULL),(532,'2011-03-13 18:42:43','2011-03-13 18:42:43',NULL),(533,'2011-03-13 18:42:49','2011-03-13 18:42:49',NULL),(534,'2011-03-13 18:42:51','2011-03-13 18:42:51',NULL),(535,'2011-03-13 18:42:53','2011-03-13 18:42:53',NULL),(536,'2011-03-13 18:43:02','2011-03-13 18:43:02',NULL),(537,'2011-03-13 18:43:04','2011-03-13 18:43:04',NULL),(538,'2011-03-13 18:43:07','2011-03-13 18:43:07',NULL),(539,'2011-03-13 18:43:11','2011-03-13 18:43:11',NULL),(540,'2011-03-13 18:43:13','2011-03-13 18:43:13',NULL),(541,'2011-03-13 18:43:15','2011-03-13 18:43:15',NULL),(542,'2011-03-13 18:43:25','2011-03-13 18:43:25',NULL),(543,'2011-03-13 18:43:27','2011-03-13 18:43:27',NULL),(544,'2011-03-13 18:43:30','2011-03-13 18:43:30',NULL),(545,'2011-03-14 05:22:04','2011-03-14 05:22:04',NULL),(546,'2011-03-14 07:34:58','2011-03-14 07:34:58',NULL),(547,'2011-03-15 23:14:41','2011-03-15 23:14:41',NULL),(548,'2011-03-16 10:54:20','2011-03-16 10:54:20',NULL),(549,'2011-03-16 10:54:22','2011-03-16 10:54:22',NULL),(550,'2011-03-16 22:08:59','2011-03-16 22:08:59',NULL),(551,'2011-03-17 00:13:52','2011-03-17 00:13:52',NULL),(552,'2011-03-17 12:00:09','2011-03-17 12:00:09',NULL),(553,'2011-03-17 18:33:08','2011-03-17 18:33:08',NULL),(554,'2011-03-17 18:33:38','2011-03-17 18:33:38',NULL),(555,'2011-03-18 21:09:33','2011-03-18 21:09:33',NULL),(556,'2011-03-18 21:09:33','2011-03-18 21:09:33',NULL),(557,'2011-03-18 21:09:33','2011-03-18 21:09:33',NULL),(558,'2011-03-18 21:09:34','2011-03-18 21:09:34',NULL),(559,'2011-03-18 21:09:36','2011-03-18 21:09:36',NULL),(560,'2011-03-18 21:09:36','2011-03-18 21:09:36',NULL),(561,'2011-03-19 15:23:56','2011-03-19 15:23:56',NULL),(562,'2011-03-19 17:33:13','2011-03-19 17:33:13',NULL),(563,'2011-03-19 23:56:06','2011-03-19 23:56:06',NULL),(564,'2011-03-20 17:06:14','2011-03-20 17:06:14',NULL);
/*!40000 ALTER TABLE `carts` ENABLE KEYS */;
UNLOCK TABLES;

--
-- Table structure for table `items`
--

DROP TABLE IF EXISTS `items`;
/*!40101 SET @saved_cs_client     = @@character_set_client */;
/*!40101 SET character_set_client = utf8 */;
CREATE TABLE `items` (
  `id` int(11) NOT NULL AUTO_INCREMENT,
  `title` varchar(255) DEFAULT NULL,
  `category` varchar(255) DEFAULT NULL,
  `weight` float DEFAULT NULL,
  `dimension` varchar(255) DEFAULT NULL,
  `short_description` text,
  `price` float DEFAULT NULL,
  `style_slightly_vary` tinyint(1) DEFAULT NULL,
  `native_style` tinyint(1) DEFAULT NULL,
  `created_at` datetime DEFAULT NULL,
  `updated_at` datetime DEFAULT NULL,
  `photo_file_name` varchar(255) DEFAULT NULL,
  `photo_content_type` varchar(255) DEFAULT NULL,
  `photo_file_size` int(11) DEFAULT NULL,
  `photo_updated_at` datetime DEFAULT NULL,
  `user_id` int(11) NOT NULL,
  `status` int(11) DEFAULT '1',
  `quantity` int(11) DEFAULT '1',
  PRIMARY KEY (`id`)
) ENGINE=InnoDB AUTO_INCREMENT=39 DEFAULT CHARSET=latin1;
/*!40101 SET character_set_client = @saved_cs_client */;

--
-- Dumping data for table `items`
--

LOCK TABLES `items` WRITE;
/*!40000 ALTER TABLE `items` DISABLE KEYS */;
INSERT INTO `items` VALUES (1,'Zuni offering bowl','pottery',NULL,'','see following item for a full description.',45,1,1,'2010-07-04 19:17:04','2011-02-22 01:16:16','DSC03561.JPG','image/jpeg',1850212,'2010-08-18 01:48:22',1,2,1),(2,'Zuni offering bowl','pottery',NULL,'approx 4\"x 3\"','This is a handmade offering bowl. It was made using the \"coil\" method and given it\'s smooth finish by polishing with a rounded river rock. The fine parallel lines represent failing rain, which nurture the growing seedling seen unfurling. The fine lines are painted using a single piece of yucca grass. The dappled terra cotta paint was applied and allowed to be spattered by a rain shower. This type of offering bowl is used by the Zuni during prayers for life giving rain. This is a unique one of a kind piece of artwork.',49,1,1,'2010-07-09 23:48:52','2010-12-15 04:40:08','DSC03560.JPG','image/jpeg',1948471,'2010-08-18 02:01:01',1,2,1),(3,'Fetish necklace with Zuni Bears','necklace',NULL,'25 inches','The Bear is a symbol of protection and good health. When a fetish necklace is worn it is done in the hope that the representative animals\' spirit will imbue the wearer with positive energies.\r\nThe Bears are carved from black jet. Black being the colour of our ancestors. The inlaid turquoise heart lines represent a long life. The necklace is strung with red coral hei\'shi beads and turquoise nuggets. Turquoise is considered a stone of heavens\' blessing and red represents the human spirit.                                                                                            This necklace is a powerful symbol, wear it in good health.',99,1,1,'2010-07-10 03:52:19','2011-01-11 04:26:12','DSC02230.JPG','image/jpeg',123305,'2010-08-18 02:13:09',1,2,1),(4,'kachina doll','katchina',1,'20\'','This Navajo Katchina represents the Hopi Morning Star Singer. It is hand-carved and hand-painted. This is a large carving at over 20\" tall, and is perfectly balanced, standing on one foot, you can almost feel the drum beat and see the morning dance in motion.\r\nThe Morning Star is the last star seen in the dawns\' early light, every morning it is greeted as a sign that the Creator blesses us with a New Day. His arm bands, sash and kilt are hand-painted buckskin, The feathers used are from a pheasant, who is often seen in the predawn light and who\'s calling is said to be prayers asking for a beautiful new day. A Morning Star Singer tries to imitate that beautiful bird call in his song.',200,1,1,'2010-07-19 16:00:19','2011-02-23 06:32:37','DSC02218.JPG','image/jpeg',122266,'2010-08-18 02:12:32',1,2,1),(5,'claw necklace','necklace',NULL,'pendant 5\'\'. necklace 22\"','This pendant representing the Claw of a Grizzly Bear was hand-carved from Buffalo Horn and capped with Sterling Silver, which is inlaid with turquoise, opal and black onyx. It is strung on a necklace of he\' shi\' beads made of turquoise and spaced with polished white coral and black onyx beads. \r\nThe Bear is a powerful symbol of Great Health to the Lakota. Because it is illegal to own true bear claws in most states, we use the horn of the Buffalo, another powerful symbol to the Lakota.',75,1,1,'2010-08-19 04:59:22','2011-02-23 06:32:37','DSC02760.JPG','image/jpeg',1809595,'2010-08-19 04:59:17',1,2,1),(6,'Fossil Shell Necklace','necklace',NULL,'pendant 1.5\". necklace 20\"','The pendant is that of a fossilized Ammonite dug from the Badlands of South Dakota, and is dated to over 125 million years ago. It is setting in Sterling Silver and polished to a rich earth-tone brown. The necklace is made-up of hand-stamped Sterling beads, Tigers Eye Beads and petite Sleeping Beauty Turquoise Beads.\r\nThe Lakota who often find fossilized shells in the soil of the Badlands believe these shells are Gifts from their Ancestors.',75,1,1,'2010-08-19 06:56:07','2011-02-23 06:32:37','DSC02722.JPG','image/jpeg',1971757,'2010-08-19 06:56:01',1,2,1),(7,'Mastadon Ivory Necklace','necklace',NULL,'pendant 1.5\". necklace 20\"','This pendant is Hand-Carved by the Native Alaskans, it is made from the Tusk of Mastadon which died over 14,000 years. The Ivory was carved using Traditional tools and represents the Motherly Love Arctic Geese show to the care of their young. It is surrounded in a bezel of Sterling Silver. The small button-shaped beads are carved from the leg bones of the same Mastadon. The Native Alaskans strongly respect the love and care they observe with the wildlife in their environment.',150,1,1,'2010-08-19 06:59:40','2011-01-11 06:42:30','DSC02729.JPG','image/jpeg',1706201,'2010-08-19 06:59:35',1,2,1),(8,'lakota jewelry','necklace',NULL,'','Short description of product',50,0,0,'2010-08-19 07:02:51','2011-02-22 23:16:10','DSC02733.JPG','image/jpeg',2027974,'2010-08-19 07:02:47',1,2,1),(9,'Artifact','Artifact',NULL,'3\" tall by 5\"long','The  Bear is a powerful symbol of Great Health to the Native Americans. He is respected for his great strength and the female bear is highly admired for the care she shows to her young cubs. It is said a Lakota Mother will protect her children with the same determination as a Mother Bear protects her offspring.\r\nThis large fetish carving is from the Zuni People of New Mexico. It is carved from a block of Citrine Quartz, the teeth are carved from fine white agate and the nose from Black Onyx and the eyes are from Blue Agate Crystals.\r\nIt is believed that if you \"Feed\" a fetish, that you gain the Fetish Animals\' Strengths.\r\nThis Bear can also sit on it\'s back legs as well as stand on all fours',50,0,1,'2010-08-19 07:05:47','2011-01-11 07:07:29','DSC03541.JPG','image/jpeg',1756627,'2010-08-19 07:05:41',1,2,1),(10,'C Pot','generic',NULL,'','',50,0,0,'2010-08-19 07:09:35','2011-02-23 06:32:37','DSC03580_2.JPG','image/jpeg',1786327,'2010-08-19 07:09:30',2,2,1),(11,'Zuni Bear in Jet','Artifact',NULL,'3\" by 5.5\"','This stubby, chubby bear is full of charm. Hand-Carved from a single piece of Fossilized Jet. The Zuni regard the Bear as a sign of Great Health and the sighting of a bear as a gift from the Creator. He comes straight from the Zuni Reservation in New Mexico.',50,0,1,'2010-08-19 07:12:19','2011-01-11 22:18:08','DSC03547.JPG','image/jpeg',2177497,'2010-08-19 07:12:11',1,2,1),(12,'Mud head Katchina','Katchina',NULL,'3\"wide by 4.5\" tall','The Mudheads are the clowns of the Hopi Katchina Pantheon, They remind us to never to take ourselves to seriously and laughter makes use feel better. The Mudheads also teach us that always playing the \"Fool\" can prevent us from accomplishing our daily chores, there is always a time for laughter and a time for work. \r\nThis Katchina is Handcarved from Cottonwood, he is Hand-painted, his kilt and boots are made of Buckskin and his collar is white rabbit skin. \r\nPlace him on a shelf and he\'ll be there to remind you that a Simple Smile can change your Whole Day.',25,1,0,'2010-08-19 07:16:58','2011-01-11 22:35:19','DSC03660.JPG','image/jpeg',1475003,'2010-08-19 07:16:54',1,2,3),(13,'Amber necklace','necklace',NULL,'20\" by 5\" wide','Set in Sterling Silver, This necklace is that of a Butterfly, a Sign of Lifes\' Renewal. The beads are all a rich Honey Amber and spaced with Beads of Sleeping Beauty Turquoise. The wings are made of Rich Coloured Honey Amber. The Butterflies Head is a large piece of Sleeping Beauty Turquoise, and the body is of Butterscotch Amber. This is a Navajo made piece',75,0,1,'2010-08-19 07:20:11','2011-01-11 22:43:38','DSC03734.JPG','image/jpeg',1994110,'2010-08-19 07:20:07',1,2,1),(14,'Mouse Katchina','generic',NULL,'','',50,0,0,'2010-08-19 07:23:35','2011-02-23 06:32:37','DSC03682.JPG','image/jpeg',1620441,'2010-08-19 07:23:31',1,2,1),(15,'Badger Katchina','Katchina',NULL,'','',500,0,0,'2010-08-19 07:26:41','2011-02-23 06:32:37','DSC03668.JPG','image/jpeg',1561884,'2010-08-19 07:26:37',1,2,1),(16,'Rhodachrosite Necklace','necklace',NULL,'','Short description',50,0,0,'2010-08-19 07:29:41','2011-02-23 06:32:37','DSC03725.JPG','image/jpeg',1813429,'2010-08-19 07:29:36',1,2,1),(17,'Horse Pipe','generic',NULL,'','',50,0,0,'2010-08-19 07:32:23','2011-02-23 06:32:37','DSC03698.JPG','image/jpeg',2129774,'2010-08-19 07:32:20',1,2,1),(18,'necklace','necklace',NULL,'','description',50,1,0,'2010-08-19 07:52:07','2011-02-23 06:32:37','DSC02746.JPG','image/jpeg',2010714,'2010-08-19 07:52:02',1,2,1),(19,'turquoise steer skull','artifact',NULL,'','',50,1,0,'2010-08-19 07:55:03','2011-02-23 06:32:37','DSC02990.JPG','image/jpeg',1855306,'2010-08-19 07:54:58',1,2,1),(20,'Lakota warrior hair shirt','Artifact',0,'72\" by 40\'','This Lakota Hair Shirt is from the 1890\'s. It was restored about 25 years ago, at which time the sinews which was used to stitch the garment together were replaced and some of the horsehair was replaced. The Red Heart Beads are original Trade Beads. The Lakota believe themselves descended from the heavens and call themselves the Star People.This is one reason the Lakota do not believe in Burial of the Dead, but place the Departed on scaffolds so the Soul can return to the Heavens. This shirt was created so the wearer could call upon The Stars in Heaven could protect him in Battle and make him immune to Death. When riding a War Pony the fringe and horsehair would give the illusion of the War Shirt Wearer flying through the Air. The Shadow of the Eagle is a reminder that the Creator sends the Winged Ones to watch over us.\r\nThis shirt makes a great wall hanging and will add protection to the Home.',400,0,1,'2010-08-19 07:58:22','2011-01-11 23:33:40','DSC03202.JPG','image/jpeg',2187282,'2010-08-19 07:58:17',1,2,1),(21,'sterling buckle','buckle',NULL,'','',50,1,0,'2010-08-19 08:01:37','2011-02-23 06:32:37','DSC03213.JPG','image/jpeg',2501092,'2010-08-19 08:01:31',1,2,1),(22,'Sterling turquoise claw bracelet','Antique bracelet',NULL,'Fits a mans\' wrist, Approx 8-9\"','This item can only be shipped to States where the Sale of Bear Claw items is Legal.(Please check with your Local and State Laws.)\r\nThis Bracelet is Heavy Weight Sterling Silver and Embellished with Hand-stamped feathers and beads. It has 5 Grizzly Bear Claws, arranged as a Bears Paw. There is a large 2.5 x 2.5 Carrico Lake Turquoise Oval Stone set on the top. This is a signed Navajo Piece from the late 1940\'s.\r\nIt is believed that when we come upon the paw print of a bear we are being a gift from the Creator. This Bear Claw  Bracelet reminds of those blessings.',650,0,1,'2010-08-19 08:06:34','2011-01-12 00:11:02','DSC03218.JPG','image/jpeg',2150149,'2010-08-19 08:06:26',1,2,1),(23,'Carved citrine bear','Artifact',NULL,'','',50,1,0,'2010-08-19 08:09:16','2011-02-23 06:32:37','DSC03544.JPG','image/jpeg',1701652,'2010-08-19 08:09:11',1,2,1),(24,'Handmade painted pot','Pottery',NULL,'','',50,1,0,'2010-08-19 08:12:42','2011-02-23 06:32:37','DSC03571.JPG','image/jpeg',2154006,'2010-08-19 08:12:37',1,2,1),(25,'Turquoise and Jaspernecklace','necklace',NULL,'','short description',50,1,0,'2010-08-19 08:16:58','2011-02-23 06:32:37','DSC03724.JPG','image/jpeg',2071128,'2010-08-19 08:16:54',1,2,1),(26,'Longhair Zuni Katchina','Katchina',NULL,'','',50,1,0,'2010-08-20 04:12:00','2011-02-23 06:32:37','DSC03675.JPG','image/jpeg',2087127,'2010-08-20 04:11:53',1,2,1),(27,'Sterling inlay Zuni belt buckle','belt buckle',NULL,'','',50,1,0,'2010-08-20 04:15:28','2011-02-23 06:32:37','DSC03214.JPG','image/jpeg',2282116,'2010-08-20 04:15:25',1,2,1),(28,'Longhair Zuni Katchina','Katchina',NULL,'','',50,1,0,'2010-08-20 04:21:34','2011-02-23 06:32:37','DSC03676.JPG','image/jpeg',1692647,'2010-08-20 04:21:30',1,2,1),(29,'longhair Zuni Katchina','katchina',NULL,'','',50,1,0,'2010-08-20 04:27:40','2011-02-23 06:32:37','DSC03678.JPG','image/jpeg',1781783,'2010-08-20 04:27:35',1,2,1),(30,'Katchina Hopi eagle dancer','katchina',NULL,'','',50,1,0,'2010-08-20 04:32:09','2011-02-23 06:32:37','DSC03681.JPG','image/jpeg',1731729,'2010-08-20 04:32:02',1,2,1),(31,'Katchina Hopi sun face','Katchina',NULL,'','',50,1,0,'2010-08-20 04:35:53','2011-02-23 06:32:37','DSC03694.JPG','image/jpeg',1745065,'2010-08-20 04:35:47',1,2,1),(32,'Turquoise and Jasper necklace','Necklace',NULL,'','Short description of item',50,1,0,'2010-08-20 04:40:13','2011-02-23 06:32:37','DSC03730.JPG','image/jpeg',1757466,'2010-08-20 04:40:07',1,2,1),(33,'Turquoise and Sterling cross','Pendant',NULL,'approx 2\"x2.75\"x.5\"','Hand-carved turquoise cross framed in sterling silver with heavy chain bale. reversible side has rough nugget look. This is a one of a kind piece.',35,0,1,'2010-08-20 04:43:50','2011-02-23 06:32:37','IMG_0433.JPG','image/jpeg',774521,'2010-08-20 04:43:46',1,2,1),(35,'test','necklace',5,'5 x 7','short descript',60,0,0,'2011-01-11 22:53:39','2011-02-23 02:27:39','DSC03811.JPG','image/jpeg',2958226,'2011-01-11 22:53:28',1,2,1),(36,'Earrings','earrings',3,'1x1','earrings sort description',30,0,0,'2011-01-11 23:01:22','2011-02-23 06:32:37','DSC03797.JPG','image/jpeg',2193392,'2011-01-11 23:01:13',1,2,1),(37,'Necklace','necklace',4,'15\"','short description',75,0,0,'2011-01-11 23:05:32','2011-02-23 06:32:37','DSC03754.JPG','image/jpeg',2915386,'2011-01-11 23:05:23',1,2,1),(38,'Necklace','necklace',NULL,'18\" with Large Turquoise drop','This choker',50,0,0,'2011-01-11 23:09:04','2011-01-12 16:30:19','DSC03808.JPG','image/jpeg',3170087,'2011-01-11 23:08:58',1,2,1);
/*!40000 ALTER TABLE `items` ENABLE KEYS */;
UNLOCK TABLES;

--
-- Table structure for table `order_items`
--

DROP TABLE IF EXISTS `order_items`;
/*!40101 SET @saved_cs_client     = @@character_set_client */;
/*!40101 SET character_set_client = utf8 */;
CREATE TABLE `order_items` (
  `id` int(11) NOT NULL AUTO_INCREMENT,
  `item_id` int(11) DEFAULT NULL,
  `order_id` int(11) DEFAULT NULL,
  `price` float DEFAULT NULL,
  `amount` int(11) DEFAULT NULL,
  `created_at` datetime DEFAULT NULL,
  `updated_at` datetime DEFAULT NULL,
  PRIMARY KEY (`id`)
) ENGINE=InnoDB AUTO_INCREMENT=124 DEFAULT CHARSET=latin1;
/*!40101 SET character_set_client = @saved_cs_client */;

--
-- Dumping data for table `order_items`
--

LOCK TABLES `order_items` WRITE;
/*!40000 ALTER TABLE `order_items` DISABLE KEYS */;
INSERT INTO `order_items` VALUES (1,1,1,49,1,'2011-02-18 01:31:20','2011-02-18 01:32:02'),(2,14,2,50,1,'2011-02-22 21:01:08','2011-02-22 21:01:08'),(3,17,2,50,1,'2011-02-22 21:01:08','2011-02-22 21:01:08'),(4,29,3,50,1,'2011-02-22 23:58:57','2011-02-22 23:58:57'),(5,27,3,50,1,'2011-02-22 23:58:57','2011-02-22 23:58:57'),(6,26,3,50,1,'2011-02-22 23:58:57','2011-02-22 23:58:57'),(7,25,3,50,1,'2011-02-22 23:58:57','2011-02-22 23:58:57'),(8,30,3,50,1,'2011-02-22 23:58:57','2011-02-22 23:58:57'),(9,29,4,50,1,'2011-02-23 00:43:20','2011-02-23 00:43:20'),(10,27,4,50,1,'2011-02-23 00:43:20','2011-02-23 00:43:20'),(11,26,4,50,1,'2011-02-23 00:43:20','2011-02-23 00:43:20'),(12,25,4,50,1,'2011-02-23 00:43:20','2011-02-23 00:43:20'),(13,30,4,50,1,'2011-02-23 00:43:20','2011-02-23 00:43:20'),(14,5,5,75,1,'2011-02-23 00:44:15','2011-02-23 00:44:15'),(15,6,5,75,1,'2011-02-23 00:44:15','2011-02-23 00:44:15'),(16,14,6,50,1,'2011-02-23 00:45:16','2011-02-23 00:45:16'),(17,17,6,50,1,'2011-02-23 00:45:16','2011-02-23 00:45:16'),(18,22,7,650,1,'2011-02-23 00:46:16','2011-02-23 00:46:16'),(19,33,7,35,1,'2011-02-23 00:46:16','2011-02-23 00:46:16'),(20,5,8,75,1,'2011-02-23 00:46:17','2011-02-23 00:46:17'),(21,6,9,75,1,'2011-02-23 00:47:17','2011-02-23 00:47:17'),(22,5,9,75,1,'2011-02-23 00:47:17','2011-02-23 00:47:17'),(23,4,9,200,1,'2011-02-23 00:47:17','2011-02-23 00:47:17'),(24,2,10,49,1,'2011-02-23 00:48:16','2011-02-23 00:48:16'),(25,5,10,75,1,'2011-02-23 00:48:16','2011-02-23 00:48:16'),(26,3,11,99,1,'2011-02-23 00:48:17','2011-02-23 00:48:17'),(27,2,11,49,1,'2011-02-23 00:48:17','2011-02-23 00:48:17'),(28,17,12,50,1,'2011-02-23 11:38:25','2011-02-23 11:38:25'),(29,14,12,50,1,'2011-02-23 11:38:25','2011-02-23 11:38:25'),(30,10,12,50,1,'2011-02-23 11:38:25','2011-02-23 11:38:25'),(31,2,13,49,1,'2011-03-01 05:53:33','2011-03-01 05:53:33'),(32,3,13,99,1,'2011-03-01 05:53:33','2011-03-01 05:53:33'),(33,2,14,49,1,'2011-03-01 06:26:26','2011-03-01 06:26:26'),(34,3,14,99,1,'2011-03-01 06:26:26','2011-03-01 06:26:26'),(35,2,15,49,1,'2011-03-01 06:28:36','2011-03-01 06:28:36'),(36,3,15,99,1,'2011-03-01 06:28:36','2011-03-01 06:28:36'),(37,2,16,49,1,'2011-03-01 06:29:12','2011-03-01 06:29:12'),(38,3,16,99,1,'2011-03-01 06:29:12','2011-03-01 06:29:12'),(39,2,17,49,1,'2011-03-01 06:31:11','2011-03-01 06:31:11'),(40,3,17,99,1,'2011-03-01 06:31:12','2011-03-01 06:31:12'),(41,2,18,49,1,'2011-03-01 06:42:39','2011-03-01 06:42:39'),(42,3,18,99,1,'2011-03-01 06:42:39','2011-03-01 06:42:39'),(43,2,19,49,1,'2011-03-01 06:45:26','2011-03-01 06:45:26'),(44,3,19,99,1,'2011-03-01 06:45:26','2011-03-01 06:45:26'),(45,2,20,49,1,'2011-03-01 06:53:51','2011-03-01 06:53:51'),(46,3,20,99,1,'2011-03-01 06:53:51','2011-03-01 06:53:51'),(47,2,21,49,1,'2011-03-01 07:32:03','2011-03-01 07:32:03'),(48,3,21,99,1,'2011-03-01 07:32:03','2011-03-01 07:32:03'),(49,2,22,49,1,'2011-03-01 07:44:15','2011-03-01 07:44:15'),(50,3,22,99,1,'2011-03-01 07:44:15','2011-03-01 07:44:15'),(51,2,23,49,1,'2011-03-01 07:46:22','2011-03-01 07:46:22'),(52,3,23,99,1,'2011-03-01 07:46:23','2011-03-01 07:46:23'),(53,2,24,49,1,'2011-03-01 07:47:30','2011-03-01 07:47:30'),(54,3,24,99,1,'2011-03-01 07:47:30','2011-03-01 07:47:30'),(55,2,25,49,1,'2011-03-01 08:07:52','2011-03-01 08:07:52'),(56,3,25,99,1,'2011-03-01 08:07:52','2011-03-01 08:07:52'),(57,2,26,49,1,'2011-03-01 08:11:27','2011-03-01 08:11:27'),(58,3,26,99,1,'2011-03-01 08:11:28','2011-03-01 08:11:28'),(59,2,27,49,1,'2011-03-01 08:13:29','2011-03-01 08:13:29'),(60,3,27,99,1,'2011-03-01 08:13:29','2011-03-01 08:13:29'),(61,2,28,49,1,'2011-03-01 08:28:32','2011-03-01 08:28:32'),(62,3,28,99,1,'2011-03-01 08:28:32','2011-03-01 08:28:32'),(63,2,29,49,1,'2011-03-01 08:29:31','2011-03-01 08:29:31'),(64,3,29,99,1,'2011-03-01 08:29:31','2011-03-01 08:29:31'),(65,2,30,49,1,'2011-03-01 08:39:33','2011-03-01 08:39:33'),(66,3,30,99,1,'2011-03-01 08:39:33','2011-03-01 08:39:33'),(67,2,31,49,1,'2011-03-01 08:40:18','2011-03-01 08:40:18'),(68,3,31,99,1,'2011-03-01 08:40:18','2011-03-01 08:40:18'),(69,2,32,49,1,'2011-03-01 08:45:38','2011-03-01 08:45:38'),(70,3,32,99,1,'2011-03-01 08:45:38','2011-03-01 08:45:38'),(71,2,33,49,1,'2011-03-01 08:46:23','2011-03-01 08:46:23'),(72,3,33,99,1,'2011-03-01 08:46:23','2011-03-01 08:46:23'),(73,2,34,49,1,'2011-03-01 08:54:54','2011-03-01 08:54:54'),(74,3,34,99,1,'2011-03-01 08:54:55','2011-03-01 08:54:55'),(75,2,35,49,1,'2011-03-01 09:02:36','2011-03-01 09:02:36'),(76,3,35,99,1,'2011-03-01 09:02:36','2011-03-01 09:02:36'),(77,2,36,49,1,'2011-03-02 10:01:52','2011-03-02 10:01:52'),(78,3,37,99,1,'2011-03-02 21:47:33','2011-03-02 21:47:33'),(79,27,37,50,1,'2011-03-02 21:47:33','2011-03-02 21:47:33'),(80,26,37,50,1,'2011-03-02 21:47:33','2011-03-02 21:47:33'),(81,25,37,50,1,'2011-03-02 21:47:33','2011-03-02 21:47:33'),(82,24,37,50,1,'2011-03-02 21:47:33','2011-03-02 21:47:33'),(83,3,38,99,1,'2011-03-03 05:21:49','2011-03-03 05:21:49'),(84,5,38,75,1,'2011-03-03 05:21:50','2011-03-03 05:21:50'),(85,5,39,75,1,'2011-03-05 18:23:47','2011-03-05 18:23:47'),(86,4,39,200,1,'2011-03-05 18:23:47','2011-03-05 18:23:47'),(87,6,39,75,1,'2011-03-05 18:23:47','2011-03-05 18:23:47'),(88,5,40,75,1,'2011-03-06 21:28:17','2011-03-06 21:28:17'),(89,6,40,75,1,'2011-03-06 21:28:17','2011-03-06 21:28:17'),(90,5,41,75,1,'2011-03-06 21:36:38','2011-03-06 21:36:38'),(91,6,41,75,1,'2011-03-06 21:36:38','2011-03-06 21:36:38'),(92,5,42,75,1,'2011-03-06 21:37:09','2011-03-06 21:37:09'),(93,6,42,75,1,'2011-03-06 21:37:09','2011-03-06 21:37:09'),(94,5,43,75,1,'2011-03-06 21:38:50','2011-03-06 21:38:50'),(95,6,43,75,1,'2011-03-06 21:38:50','2011-03-06 21:38:50'),(96,5,44,75,1,'2011-03-06 21:39:22','2011-03-06 21:39:22'),(97,6,44,75,1,'2011-03-06 21:39:22','2011-03-06 21:39:22'),(98,5,45,75,1,'2011-03-07 00:32:11','2011-03-07 00:32:11'),(99,6,45,75,1,'2011-03-07 00:32:11','2011-03-07 00:32:11'),(100,5,46,75,1,'2011-03-07 00:34:55','2011-03-07 00:34:55'),(101,6,46,75,1,'2011-03-07 00:34:55','2011-03-07 00:34:55'),(102,5,47,75,1,'2011-03-07 00:35:48','2011-03-07 00:35:48'),(103,6,47,75,1,'2011-03-07 00:35:48','2011-03-07 00:35:48'),(104,5,48,75,1,'2011-03-07 00:37:32','2011-03-07 00:37:32'),(105,6,48,75,1,'2011-03-07 00:37:32','2011-03-07 00:37:32'),(106,5,49,75,1,'2011-03-07 00:38:03','2011-03-07 00:38:03'),(107,6,49,75,1,'2011-03-07 00:38:03','2011-03-07 00:38:03'),(108,5,50,75,1,'2011-03-07 00:42:27','2011-03-07 00:42:27'),(109,6,50,75,1,'2011-03-07 00:42:27','2011-03-07 00:42:27'),(110,5,51,75,1,'2011-03-07 00:42:52','2011-03-07 00:42:52'),(111,6,51,75,1,'2011-03-07 00:42:52','2011-03-07 00:42:52'),(112,5,52,75,1,'2011-03-07 00:48:29','2011-03-07 00:48:29'),(113,6,52,75,1,'2011-03-07 00:48:29','2011-03-07 00:48:29'),(114,5,53,75,1,'2011-03-07 00:49:19','2011-03-07 00:49:19'),(115,6,53,75,1,'2011-03-07 00:49:19','2011-03-07 00:49:19'),(116,5,54,75,1,'2011-03-07 00:50:15','2011-03-07 00:50:15'),(117,6,54,75,1,'2011-03-07 00:50:15','2011-03-07 00:50:15'),(118,5,55,75,1,'2011-03-07 00:50:54','2011-03-07 00:50:54'),(119,6,55,75,1,'2011-03-07 00:50:54','2011-03-07 00:50:54'),(120,5,56,75,1,'2011-03-07 00:51:26','2011-03-07 00:51:26'),(121,6,56,75,1,'2011-03-07 00:51:26','2011-03-07 00:51:26'),(122,5,57,75,1,'2011-03-07 00:51:34','2011-03-07 00:51:34'),(123,6,57,75,1,'2011-03-07 00:51:34','2011-03-07 00:51:34');
/*!40000 ALTER TABLE `order_items` ENABLE KEYS */;
UNLOCK TABLES;

--
-- Table structure for table `orders`
--

DROP TABLE IF EXISTS `orders`;
/*!40101 SET @saved_cs_client     = @@character_set_client */;
/*!40101 SET character_set_client = utf8 */;
CREATE TABLE `orders` (
  `id` int(11) NOT NULL AUTO_INCREMENT,
  `email` varchar(255) DEFAULT NULL,
  `phone_number` varchar(255) DEFAULT NULL,
  `ship_to_first_name` varchar(255) DEFAULT NULL,
  `ship_to_last_name` varchar(255) DEFAULT NULL,
  `ship_to_address` varchar(255) DEFAULT NULL,
  `ship_to_city` varchar(255) DEFAULT NULL,
  `ship_to_postal_code` varchar(255) DEFAULT NULL,
  `ship_to_country` varchar(255) DEFAULT NULL,
  `customer_ip` varchar(255) DEFAULT NULL,
  `status` varchar(255) DEFAULT NULL,
  `created_at` datetime DEFAULT NULL,
  `updated_at` datetime DEFAULT NULL,
  `params` text,
  `paypal_invoice` int(11) DEFAULT NULL,
  `state` varchar(255) DEFAULT NULL,
  PRIMARY KEY (`id`)
) ENGINE=InnoDB AUTO_INCREMENT=58 DEFAULT CHARSET=latin1;
/*!40101 SET character_set_client = @saved_cs_client */;

--
-- Dumping data for table `orders`
--

LOCK TABLES `orders` WRITE;
/*!40000 ALTER TABLE `orders` DISABLE KEYS */;
INSERT INTO `orders` VALUES (1,'test@gmail.com','415-504-4070','Doug','Headley','address to mail to apt 312','San Francsico','94114','USA','22.55.208.7','Open','2011-02-15 07:23:36','2011-02-21 21:41:42',NULL,NULL,NULL),(2,'vlogic_1286150750_per@gmail.com',NULL,'Test','User','1 Main St','San Jose','95131','United States',NULL,'closed','2011-02-22 21:01:08','2011-02-22 23:28:05','--- !map:HashWithIndifferentAccess \naddress_city: San Jose\naddress_name: Test User\npayment_status: Pending\ntax: \"0.00\"\nreceiver_email: Seller_1286067248_biz@gmail.com\nmc_shipping: \"0.00\"\npayment_gross: \"100.00\"\ntransaction_subject: Shopping Cart\nreceiver_id: 3HJ4DDLKLCK26\naddress_country: United States\nbusiness: Seller_1286067248_biz@gmail.com\naddress_zip: \"95131\"\ninvoice: \"471\"\npending_reason: paymentreview\nmc_currency: USD\nmc_gross_1: \"50.00\"\npayment_fee: \"3.20\"\nitem_name1: Mouse Katchina\nnotify_version: \"3.0\"\naction: create\nmc_gross_2: \"50.00\"\nitem_name2: Horse Pipe\ntxn_id: 54F15079KJ532420P\nverify_sign: A0CfWa3djiwYxj9TShJKmuJX.LTLAyiPG-5TUfw1AcBdUDoXjQd4fsME\nmc_handling1: \"0.00\"\naddress_country_code: US\naddress_street: 1 Main St\ntest_ipn: \"1\"\ntxn_type: cart\nmc_shipping1: \"0.00\"\nmc_handling2: \"0.00\"\nlast_name: User\nmc_shipping2: \"0.00\"\nmc_fee: \"3.20\"\nmc_handling: \"0.00\"\ncharset: windows-1252\npayer_id: F8H88J9UBMTCY\naddress_status: confirmed\nmc_gross: \"100.00\"\nquantity1: \"1\"\naddress_state: CA\nnum_cart_items: \"2\"\npayer_status: verified\ncustom: \"\"\nitem_number1: \"1\"\ncontroller: payment_notifications\nresidence_country: US\nquantity2: \"1\"\npayer_email: vlogic_1286150750_per@gmail.com\npayment_date: 12:59:51 Feb 22, 2011 PST\nitem_number2: \"1\"\nprotection_eligibility: Ineligible\npayment_type: instant\nfirst_name: Test\n',471,NULL),(3,'vlogic_1286150750_per@gmail.com',NULL,'Test','User','1 Main St','San Jose','95131','United States',NULL,'open','2011-02-22 23:58:57','2011-02-22 23:58:57','--- !map:HashWithIndifferentAccess \naddress_status: confirmed\ntxn_type: cart\nitem_name3: Longhair Zuni Katchina\nmc_shipping1: \"0.00\"\nmc_currency: USD\nreceiver_id: 3HJ4DDLKLCK26\nmc_gross: \"250.00\"\nitem_name4: Turquoise and Jaspernecklace\nmc_shipping2: \"0.00\"\ninvoice: \"473\"\nmc_shipping: \"0.00\"\nitem_name5: Katchina Hopi eagle dancer\nmc_shipping3: \"0.00\"\ncharset: windows-1252\nverify_sign: AsJKyBfSl10jC8cer9coRWUtWDMZAo3c5e3VNOhRGyieGt-aJrchM115\npayment_type: instant\nmc_shipping4: \"0.00\"\nmc_shipping5: \"0.00\"\nprotection_eligibility: Ineligible\nquantity1: \"1\"\nmc_gross_1: \"50.00\"\nquantity2: \"1\"\ncustom: \"\"\nmc_handling1: \"0.00\"\nmc_gross_2: \"50.00\"\naddress_city: San Jose\nquantity3: \"1\"\nmc_handling2: \"0.00\"\nmc_gross_3: \"50.00\"\npayer_status: verified\nmc_handling3: \"0.00\"\nmc_gross_4: \"50.00\"\naddress_country_code: US\npayment_fee: \"7.55\"\naddress_name: Test User\nquantity4: \"1\"\nmc_handling4: \"0.00\"\nmc_gross_5: \"50.00\"\naddress_street: 1 Main St\nquantity5: \"1\"\npayment_status: Pending\nmc_handling5: \"0.00\"\nlast_name: User\npayment_date: 15:58:13 Feb 22, 2011 PST\ntxn_id: 15K56288SW9897525\nbusiness: Seller_1286067248_biz@gmail.com\nmc_handling: \"0.00\"\ntest_ipn: \"1\"\ntax: \"0.00\"\naddress_state: CA\nmc_fee: \"7.55\"\npending_reason: paymentreview\nitem_number1: \"1\"\nnotify_version: \"3.0\"\nitem_number2: \"1\"\nresidence_country: US\npayer_email: vlogic_1286150750_per@gmail.com\naddress_country: United States\npayment_gross: \"250.00\"\naddress_zip: \"95131\"\nfirst_name: Test\nitem_number3: \"1\"\ncontroller: payment_notifications\npayer_id: F8H88J9UBMTCY\naction: create\nreceiver_email: Seller_1286067248_biz@gmail.com\nitem_number4: \"1\"\nnum_cart_items: \"5\"\nitem_name1: longhair Zuni Katchina\ntransaction_subject: Shopping Cart\nitem_name2: Sterling inlay Zuni belt buckle\nitem_number5: \"1\"\n',473,NULL),(4,'vlogic_1286150750_per@gmail.com',NULL,'Test','User','1 Main St','San Jose','95131','United States',NULL,'open','2011-02-23 00:43:20','2011-02-23 00:43:20','--- !map:HashWithIndifferentAccess \naddress_status: confirmed\ntxn_type: cart\nitem_name3: Longhair Zuni Katchina\nmc_shipping1: \"0.00\"\nmc_currency: USD\nreceiver_id: 3HJ4DDLKLCK26\nmc_gross: \"250.00\"\nitem_name4: Turquoise and Jaspernecklace\nmc_shipping2: \"0.00\"\ninvoice: \"473\"\nmc_shipping: \"0.00\"\nitem_name5: Katchina Hopi eagle dancer\nmc_shipping3: \"0.00\"\ncharset: windows-1252\nverify_sign: A0dHxYbZfSkp2SbFtMGs0VSxb9g1AMrRdsULxVlfdmfJ5YdNksyfGKco\npayment_type: instant\nmc_shipping4: \"0.00\"\nmc_shipping5: \"0.00\"\nprotection_eligibility: Eligible\nquantity1: \"1\"\nmc_gross_1: \"50.00\"\nquantity2: \"1\"\ncustom: \"\"\nmc_handling1: \"0.00\"\nmc_gross_2: \"50.00\"\naddress_city: San Jose\nquantity3: \"1\"\nmc_handling2: \"0.00\"\nmc_gross_3: \"50.00\"\npayer_status: verified\nmc_handling3: \"0.00\"\nmc_gross_4: \"50.00\"\naddress_country_code: US\npayment_fee: \"7.55\"\naddress_name: Test User\nquantity4: \"1\"\nmc_handling4: \"0.00\"\nmc_gross_5: \"50.00\"\naddress_street: 1 Main St\nquantity5: \"1\"\npayment_status: Completed\nmc_handling5: \"0.00\"\nlast_name: User\npayment_date: 15:58:13 Feb 22, 2011 PST\ntxn_id: 15K56288SW9897525\nbusiness: Seller_1286067248_biz@gmail.com\nmc_handling: \"0.00\"\ntest_ipn: \"1\"\ntax: \"0.00\"\naddress_state: CA\nmc_fee: \"7.55\"\nitem_number1: \"1\"\nnotify_version: \"3.0\"\nitem_number2: \"1\"\nresidence_country: US\npayer_email: vlogic_1286150750_per@gmail.com\npayment_gross: \"250.00\"\naddress_zip: \"95131\"\naddress_country: United States\nfirst_name: Test\nitem_number3: \"1\"\ncontroller: payment_notifications\npayer_id: F8H88J9UBMTCY\naction: create\nreceiver_email: Seller_1286067248_biz@gmail.com\nitem_number4: \"1\"\nnum_cart_items: \"5\"\nitem_name1: longhair Zuni Katchina\ntransaction_subject: Shopping Cart\nitem_name2: Sterling inlay Zuni belt buckle\nitem_number5: \"1\"\n',473,NULL),(5,'vlogic_1286150750_per@gmail.com',NULL,'Test','User','1 Main St','San Jose','95131','United States',NULL,'open','2011-02-23 00:44:15','2011-02-23 00:44:15','--- !map:HashWithIndifferentAccess \naddress_city: San Jose\naddress_name: Test User\npayment_status: Completed\ntax: \"0.00\"\nreceiver_email: Seller_1286067248_biz@gmail.com\nmc_shipping: \"0.00\"\npayment_gross: \"150.00\"\ntransaction_subject: Shopping Cart\nreceiver_id: 3HJ4DDLKLCK26\naddress_country: United States\nbusiness: Seller_1286067248_biz@gmail.com\naddress_zip: \"95131\"\ninvoice: \"401\"\nmc_currency: USD\nmc_gross_1: \"75.00\"\npayment_fee: \"4.65\"\nitem_name1: claw necklace\nnotify_version: \"3.0\"\naction: create\nmc_gross_2: \"75.00\"\nitem_name2: Fossil Shell Necklace\ntxn_id: 4KF34529D1372274V\nverify_sign: AFcWxV21C7fd0v3bYYYRCpSSRl31ALdfGmv6Hmv8-bT6Fz.Fcdh08u.r\nmc_handling1: \"0.00\"\naddress_country_code: US\naddress_street: 1 Main St\ntest_ipn: \"1\"\ntxn_type: cart\nmc_shipping1: \"0.00\"\nmc_handling2: \"0.00\"\nlast_name: User\nmc_shipping2: \"0.00\"\nmc_fee: \"4.65\"\nmc_handling: \"0.00\"\ncharset: windows-1252\npayer_id: F8H88J9UBMTCY\naddress_status: confirmed\nmc_gross: \"150.00\"\nquantity1: \"1\"\naddress_state: CA\nnum_cart_items: \"2\"\npayer_status: verified\ncustom: \"\"\nitem_number1: \"1\"\ncontroller: payment_notifications\nresidence_country: US\nquantity2: \"1\"\npayer_email: vlogic_1286150750_per@gmail.com\npayment_date: 16:45:33 Feb 15, 2011 PST\nitem_number2: \"1\"\nprotection_eligibility: Eligible\npayment_type: instant\nfirst_name: Test\n',401,NULL),(6,'vlogic_1286150750_per@gmail.com',NULL,'Test','User','1 Main St','San Jose','95131','United States',NULL,'open','2011-02-23 00:45:16','2011-02-23 00:45:16','--- !map:HashWithIndifferentAccess \naddress_city: San Jose\naddress_name: Test User\npayment_status: Completed\ntax: \"0.00\"\nreceiver_email: Seller_1286067248_biz@gmail.com\nmc_shipping: \"0.00\"\npayment_gross: \"100.00\"\ntransaction_subject: Shopping Cart\nreceiver_id: 3HJ4DDLKLCK26\naddress_country: United States\nbusiness: Seller_1286067248_biz@gmail.com\naddress_zip: \"95131\"\ninvoice: \"471\"\nmc_currency: USD\nmc_gross_1: \"50.00\"\npayment_fee: \"3.20\"\nitem_name1: Mouse Katchina\nnotify_version: \"3.0\"\naction: create\nmc_gross_2: \"50.00\"\nitem_name2: Horse Pipe\ntxn_id: 54F15079KJ532420P\nverify_sign: AqHIydeCsOeZmsw044nAXkjBeAILA3DMZ4pCWd54I2CnqCF1CtUTFjnW\nmc_handling1: \"0.00\"\naddress_country_code: US\naddress_street: 1 Main St\ntest_ipn: \"1\"\ntxn_type: cart\nmc_shipping1: \"0.00\"\nmc_handling2: \"0.00\"\nlast_name: User\nmc_shipping2: \"0.00\"\nmc_fee: \"3.20\"\nmc_handling: \"0.00\"\ncharset: windows-1252\npayer_id: F8H88J9UBMTCY\naddress_status: confirmed\nmc_gross: \"100.00\"\nquantity1: \"1\"\naddress_state: CA\nnum_cart_items: \"2\"\npayer_status: verified\ncustom: \"\"\nitem_number1: \"1\"\ncontroller: payment_notifications\nresidence_country: US\nquantity2: \"1\"\npayer_email: vlogic_1286150750_per@gmail.com\npayment_date: 12:59:51 Feb 22, 2011 PST\nitem_number2: \"1\"\nprotection_eligibility: Eligible\npayment_type: instant\nfirst_name: Test\n',471,NULL),(7,'vlogic_1286150750_per@gmail.com',NULL,'Test','User','1 Main St','San Jose','95131','United States',NULL,'closed','2011-02-23 00:46:16','2011-02-23 00:50:11','--- !map:HashWithIndifferentAccess \naddress_city: San Jose\naddress_name: Test User\npayment_status: Completed\ntax: \"0.00\"\nreceiver_email: Seller_1286067248_biz@gmail.com\nmc_shipping: \"0.00\"\npayment_gross: \"685.00\"\ntransaction_subject: Shopping Cart\nreceiver_id: 3HJ4DDLKLCK26\naddress_country: United States\nbusiness: Seller_1286067248_biz@gmail.com\naddress_zip: \"95131\"\ninvoice: \"467\"\nmc_currency: USD\nmc_gross_1: \"650.00\"\npayment_fee: \"20.17\"\nitem_name1: Sterling turquoise claw bracelet\nnotify_version: \"3.0\"\naction: create\nmc_gross_2: \"35.00\"\nitem_name2: Turquoise and Sterling cross\ntxn_id: 0GA364807C066354E\nverify_sign: AzqtT-VgQHdOZWQ9qLV2pUzyQVE-A4.nYFpptgKIJX9M7cscX5Cd0VTs\nmc_handling1: \"0.00\"\naddress_country_code: US\naddress_street: 1 Main St\ntest_ipn: \"1\"\ntxn_type: cart\nmc_shipping1: \"0.00\"\nmc_handling2: \"0.00\"\nlast_name: User\nmc_shipping2: \"0.00\"\nmc_fee: \"20.17\"\nmc_handling: \"0.00\"\ncharset: windows-1252\npayer_id: F8H88J9UBMTCY\naddress_status: confirmed\nmc_gross: \"685.00\"\nquantity1: \"1\"\naddress_state: CA\nnum_cart_items: \"2\"\npayer_status: verified\ncustom: \"\"\nitem_number1: \"1\"\ncontroller: payment_notifications\nresidence_country: US\nquantity2: \"1\"\npayer_email: vlogic_1286150750_per@gmail.com\npayment_date: 11:20:40 Feb 22, 2011 PST\nitem_number2: \"1\"\nprotection_eligibility: Eligible\npayment_type: instant\nfirst_name: Test\n',467,NULL),(8,'vlogic_1286150750_per@gmail.com',NULL,'Test','User','1 Main St','San Jose','95131','United States',NULL,'closed','2011-02-23 00:46:17','2011-02-23 00:53:42','--- !map:HashWithIndifferentAccess \naddress_city: San Jose\naddress_name: Test User\npayment_status: Completed\ntax: \"0.00\"\nreceiver_email: Seller_1286067248_biz@gmail.com\nmc_shipping: \"0.00\"\npayment_gross: \"75.00\"\ntransaction_subject: Shopping Cart\nreceiver_id: 3HJ4DDLKLCK26\naddress_country: United States\nbusiness: Seller_1286067248_biz@gmail.com\naddress_zip: \"95131\"\ninvoice: \"469\"\nmc_currency: USD\nmc_gross_1: \"75.00\"\npayment_fee: \"2.48\"\nitem_name1: claw necklace\nnotify_version: \"3.0\"\naction: create\ntxn_id: 5R42931033665692J\nverify_sign: AYVlrYNo7XSZgdSzhIO9jh48XAPGATz.Vkp0mFD56rRDnoZeOe..mQ4N\nmc_handling1: \"0.00\"\naddress_country_code: US\naddress_street: 1 Main St\ntest_ipn: \"1\"\ntxn_type: cart\nmc_shipping1: \"0.00\"\nlast_name: User\nmc_fee: \"2.48\"\nmc_handling: \"0.00\"\ncharset: windows-1252\npayer_id: F8H88J9UBMTCY\naddress_status: confirmed\nmc_gross: \"75.00\"\nquantity1: \"1\"\naddress_state: CA\nnum_cart_items: \"1\"\npayer_status: verified\ncustom: \"\"\nitem_number1: \"1\"\ncontroller: payment_notifications\nresidence_country: US\npayer_email: vlogic_1286150750_per@gmail.com\npayment_date: 11:47:43 Feb 22, 2011 PST\nprotection_eligibility: Eligible\npayment_type: instant\nfirst_name: Test\n',469,NULL),(9,'vlogic_1286150750_per@gmail.com',NULL,'Test','User','1 Main St','San Jose','95131','United States',NULL,'closed','2011-02-23 00:47:17','2011-02-23 01:20:13','--- !map:HashWithIndifferentAccess \naddress_city: San Jose\naddress_name: Test User\npayment_status: Completed\ntax: \"0.00\"\nreceiver_email: Seller_1286067248_biz@gmail.com\nmc_shipping: \"0.00\"\npayment_gross: \"350.00\"\ntransaction_subject: Shopping Cart\nreceiver_id: 3HJ4DDLKLCK26\naddress_country: United States\nbusiness: Seller_1286067248_biz@gmail.com\naddress_zip: \"95131\"\ninvoice: \"465\"\nmc_currency: USD\nmc_gross_1: \"75.00\"\npayment_fee: \"10.45\"\nitem_name1: Fossil Shell Necklace\nnotify_version: \"3.0\"\naction: create\nmc_gross_2: \"75.00\"\nitem_name2: claw necklace\ntxn_id: 5NE98015V5522542D\nverify_sign: AXFuxmUqKklZKIJvJvZ11em642XGAHt5d1LqbY2LmqWuXmkP4DntHMiz\nmc_handling1: \"0.00\"\naddress_country_code: US\naddress_street: 1 Main St\ntest_ipn: \"1\"\nmc_gross_3: \"200.00\"\ntxn_type: cart\nitem_name3: kachina doll\nmc_shipping1: \"0.00\"\nmc_handling2: \"0.00\"\nlast_name: User\nmc_shipping2: \"0.00\"\nmc_handling3: \"0.00\"\nmc_fee: \"10.45\"\nmc_handling: \"0.00\"\ncharset: windows-1252\npayer_id: F8H88J9UBMTCY\naddress_status: confirmed\nmc_gross: \"350.00\"\nquantity1: \"1\"\naddress_state: CA\nmc_shipping3: \"0.00\"\nnum_cart_items: \"3\"\npayer_status: verified\ncustom: \"\"\nitem_number1: \"1\"\ncontroller: payment_notifications\nresidence_country: US\nquantity2: \"1\"\npayer_email: vlogic_1286150750_per@gmail.com\npayment_date: 11:12:25 Feb 22, 2011 PST\nitem_number2: \"1\"\nprotection_eligibility: Eligible\nquantity3: \"1\"\npayment_type: instant\nfirst_name: Test\nitem_number3: \"1\"\n',465,NULL),(10,'vlogic_1286150750_per@gmail.com',NULL,'Test','User','1 Main St','San Jose','95131','United States',NULL,'open','2011-02-23 00:48:16','2011-02-23 00:48:16','--- !map:HashWithIndifferentAccess \naddress_city: San Jose\naddress_name: Test User\npayment_status: Completed\ntax: \"0.00\"\nreceiver_email: Seller_1286067248_biz@gmail.com\nmc_shipping: \"0.00\"\npayment_gross: \"124.00\"\ntransaction_subject: Shopping Cart\nreceiver_id: 3HJ4DDLKLCK26\naddress_country: United States\nbusiness: Seller_1286067248_biz@gmail.com\naddress_zip: \"95131\"\ninvoice: \"464\"\nmc_currency: USD\nmc_gross_1: \"49.00\"\npayment_fee: \"3.90\"\nitem_name1: Zuni offering bowl\nnotify_version: \"3.0\"\naction: create\nmc_gross_2: \"75.00\"\nitem_name2: claw necklace\ntxn_id: 7GM47626JV212250U\nverify_sign: AzWe48Gro3BZx0sx-e-wcuWQQpK1AzHGP2FNaz6swHk5BWnttqxRnTf6\nmc_handling1: \"0.00\"\naddress_country_code: US\naddress_street: 1 Main St\ntest_ipn: \"1\"\ntxn_type: cart\nmc_shipping1: \"0.00\"\nmc_handling2: \"0.00\"\nlast_name: User\nmc_shipping2: \"0.00\"\nmc_fee: \"3.90\"\nmc_handling: \"0.00\"\ncharset: windows-1252\npayer_id: F8H88J9UBMTCY\naddress_status: confirmed\nmc_gross: \"124.00\"\nquantity1: \"1\"\naddress_state: CA\nnum_cart_items: \"2\"\npayer_status: verified\ncustom: \"\"\nitem_number1: \"1\"\ncontroller: payment_notifications\nresidence_country: US\nquantity2: \"1\"\npayer_email: vlogic_1286150750_per@gmail.com\npayment_date: 10:13:00 Feb 22, 2011 PST\nitem_number2: \"1\"\nprotection_eligibility: Eligible\npayment_type: instant\nfirst_name: Test\n',464,NULL),(11,'vlogic_1286150750_per@gmail.com',NULL,'Test','User','1 Main St','San Jose','95131','United States',NULL,'open','2011-02-23 00:48:17','2011-02-23 00:48:17','--- !map:HashWithIndifferentAccess \naddress_city: San Jose\naddress_name: Test User\npayment_status: Completed\ntax: \"0.00\"\nreceiver_email: Seller_1286067248_biz@gmail.com\nmc_shipping: \"0.00\"\npayment_gross: \"148.00\"\ntransaction_subject: Shopping Cart\nreceiver_id: 3HJ4DDLKLCK26\naddress_country: United States\nbusiness: Seller_1286067248_biz@gmail.com\naddress_zip: \"95131\"\ninvoice: \"463\"\nmc_currency: USD\nmc_gross_1: \"99.00\"\npayment_fee: \"4.59\"\nitem_name1: Fetish necklace with Zuni Bears\nnotify_version: \"3.0\"\naction: create\nmc_gross_2: \"49.00\"\nitem_name2: Zuni offering bowl\ntxn_id: 9BS68665LW9559151\nverify_sign: AfvhVRjbapGLMYzXuXfLIZ5hpzFnALB7pZoI5bv-hzIdFu0C-43.C86f\nmc_handling1: \"0.00\"\naddress_country_code: US\naddress_street: 1 Main St\ntest_ipn: \"1\"\ntxn_type: cart\nmc_shipping1: \"0.00\"\nmc_handling2: \"0.00\"\nlast_name: User\nmc_shipping2: \"0.00\"\nmc_fee: \"4.59\"\nmc_handling: \"0.00\"\ncharset: windows-1252\npayer_id: F8H88J9UBMTCY\naddress_status: confirmed\nmc_gross: \"148.00\"\nquantity1: \"1\"\naddress_state: CA\nnum_cart_items: \"2\"\npayer_status: verified\ncustom: \"\"\nitem_number1: \"1\"\ncontroller: payment_notifications\nresidence_country: US\nquantity2: \"1\"\npayer_email: vlogic_1286150750_per@gmail.com\npayment_date: 10:07:41 Feb 22, 2011 PST\nitem_number2: \"1\"\nprotection_eligibility: Eligible\npayment_type: instant\nfirst_name: Test\n',463,NULL),(12,'vlogic_1286150750_per@gmail.com',NULL,'Test','User','1 Main St','San Jose','95131','United States',NULL,'open','2011-02-23 11:38:25','2011-02-23 11:38:25','--- !map:HashWithIndifferentAccess \naddress_city: San Jose\naddress_name: Test User\npayment_status: Pending\ntax: \"0.00\"\nreceiver_email: Seller_1286067248_biz@gmail.com\nmc_shipping: \"0.00\"\npayment_gross: \"150.00\"\ntransaction_subject: Shopping Cart\nreceiver_id: 3HJ4DDLKLCK26\naddress_country: United States\nbusiness: Seller_1286067248_biz@gmail.com\naddress_zip: \"95131\"\ninvoice: \"460\"\npending_reason: paymentreview\nmc_currency: USD\nmc_gross_1: \"50.00\"\npayment_fee: \"4.65\"\nitem_name1: Horse Pipe\nnotify_version: \"3.0\"\naction: create\nmc_gross_2: \"50.00\"\nitem_name2: Mouse Katchina\ntxn_id: 51L95054JG0654413\nverify_sign: AQU0e5vuZCvSg-XJploSa.sGUDlpAQlwNHSXDKBRMt1fdf1yn59voNsS\nmc_handling1: \"0.00\"\naddress_country_code: US\naddress_street: 1 Main St\ntest_ipn: \"1\"\nmc_gross_3: \"50.00\"\ntxn_type: cart\nitem_name3: C Pot\nmc_shipping1: \"0.00\"\nmc_handling2: \"0.00\"\nlast_name: User\nmc_shipping2: \"0.00\"\nmc_handling3: \"0.00\"\nmc_fee: \"4.65\"\nmc_handling: \"0.00\"\ncharset: windows-1252\npayer_id: F8H88J9UBMTCY\naddress_status: confirmed\nmc_gross: \"150.00\"\nquantity1: \"1\"\naddress_state: CA\nmc_shipping3: \"0.00\"\nnum_cart_items: \"3\"\npayer_status: verified\ncustom: \"\"\nitem_number1: \"1\"\ncontroller: payment_notifications\nresidence_country: US\nquantity2: \"1\"\npayer_email: vlogic_1286150750_per@gmail.com\npayment_date: 01:48:21 Feb 22, 2011 PST\nitem_number2: \"1\"\nprotection_eligibility: Ineligible\nquantity3: \"1\"\npayment_type: instant\nfirst_name: Test\nitem_number3: \"1\"\n',460,NULL),(13,'','','',NULL,NULL,NULL,NULL,'United States','24.5.66.207','open','2011-03-01 05:53:33','2011-03-01 05:53:33',NULL,NULL,NULL),(14,'','','',NULL,NULL,NULL,NULL,'United States','24.5.66.207','open','2011-03-01 06:26:26','2011-03-01 06:26:26',NULL,NULL,NULL),(15,'','','',NULL,NULL,NULL,NULL,'United States','24.5.66.207','failed','2011-03-01 06:28:36','2011-03-01 06:28:36',NULL,NULL,NULL),(16,'','','',NULL,NULL,NULL,NULL,'United States','24.5.66.207','failed','2011-03-01 06:29:12','2011-03-01 06:29:14',NULL,NULL,NULL),(17,'','','',NULL,NULL,NULL,NULL,'United States','24.5.66.207','failed','2011-03-01 06:31:11','2011-03-01 06:31:12',NULL,NULL,NULL),(18,'','','',NULL,NULL,NULL,NULL,'United States','24.5.66.207','failed','2011-03-01 06:42:39','2011-03-01 06:42:39',NULL,NULL,NULL),(19,'Headley.douglas@gmail.com','415-504-4070','94114',NULL,NULL,NULL,NULL,'United States','24.5.66.207','failed','2011-03-01 06:45:26','2011-03-01 06:45:26',NULL,NULL,NULL),(20,'Headley.douglas@gmail.com','415-504-4070','94114',NULL,NULL,NULL,NULL,'United States','24.5.66.207','failed','2011-03-01 06:53:51','2011-03-01 06:53:51',NULL,NULL,NULL),(21,'Headley.douglas@gmail.com','415-504-4070','94114',NULL,NULL,NULL,NULL,'United States','24.5.66.207','failed','2011-03-01 07:32:03','2011-03-01 07:32:03',NULL,NULL,NULL),(22,'Headley.douglas@gmail.com','415-504-4070','94114',NULL,NULL,NULL,NULL,'United States','24.5.66.207','failed','2011-03-01 07:44:15','2011-03-01 07:44:15',NULL,NULL,NULL),(23,'Headley.douglas@gmail.com','415-504-4070','94114',NULL,NULL,NULL,NULL,'United States','24.5.66.207','failed','2011-03-01 07:46:22','2011-03-01 07:46:23',NULL,NULL,NULL),(24,'Headley.douglas@gmail.com','415-504-4070','94114','','','','','United States','24.5.66.207','failed','2011-03-01 07:47:30','2011-03-01 07:47:31',NULL,NULL,NULL),(25,'Headley.douglas@gmail.com','415-504-4070','Doug','Headley','465 Noe St.','San Francisco','94114','United States','24.5.66.207','failed','2011-03-01 08:07:52','2011-03-01 08:07:52',NULL,NULL,NULL),(26,'Headley.douglas@gmail.com','415-504-4070','Doug','Headley','465 Noe St.','San Francisco','94114','United States','24.5.66.207','failed','2011-03-01 08:11:27','2011-03-01 08:11:28',NULL,NULL,NULL),(27,'Headley.douglas@gmail.com','415-504-4070','Doug','Headley','465 Noe St.','San Francisco','94114','United States','24.5.66.207','failed','2011-03-01 08:13:29','2011-03-01 08:13:32',NULL,NULL,NULL),(28,'Headley.douglas@gmail.com','415-504-4070','Doug','Headley','465 Noe St.','San Francisco','94114','United States','24.5.66.207','failed','2011-03-01 08:28:32','2011-03-01 08:28:33',NULL,NULL,NULL),(29,'Headley.douglas@gmail.com','415-504-4070','Doug','Headley','465 Noe St.','San Francisco','94114','United States','24.5.66.207','failed','2011-03-01 08:29:31','2011-03-01 08:29:32',NULL,NULL,NULL),(30,'Headley.douglas@gmail.com','415-504-4070','Doug','Headley','465 Noe St.','San Francisco','94114','United States','24.5.66.207','failed','2011-03-01 08:39:33','2011-03-01 08:39:34',NULL,NULL,NULL),(31,'Headley.douglas@gmail.com','415-504-4070','Doug','Headley','465 Noe St.','San Francisco','94114','United States','24.5.66.207','failed','2011-03-01 08:40:18','2011-03-01 08:40:18',NULL,NULL,NULL),(32,'Headley.douglas@gmail.com','415-504-4070','Doug','Headley','465 Noe St.','San Francisco','94114','United States','24.5.66.207','failed','2011-03-01 08:45:38','2011-03-01 08:45:38',NULL,NULL,NULL),(33,'Headley.douglas@gmail.com','415-504-4070','Doug','Headley','465 Noe St.','San Francisco','94114','US','24.5.66.207','failed','2011-03-01 08:46:23','2011-03-01 08:46:24',NULL,NULL,NULL),(34,'Headley.douglas@gmail.com','415-504-4070','Doug','Headley','465 Noe St.','San Francisco','94114','US','24.5.66.207','failed','2011-03-01 08:54:54','2011-03-01 08:54:55',NULL,NULL,NULL),(35,'Headley.douglas@gmail.com','415-504-4070','Doug','Headley','465 Noe St.','San Francisco','94114','US','24.5.66.207','processed','2011-03-01 09:02:36','2011-03-01 09:02:42',NULL,NULL,NULL),(36,'vlogic_1286150750_per@gmail.com',NULL,'Test','User','1 Main St','San Jose','95131','United States',NULL,'open','2011-03-02 10:01:51','2011-03-02 10:01:51','--- !map:HashWithIndifferentAccess \naddress_city: San Jose\naddress_name: Test User\npayment_status: Pending\ntax: \"0.00\"\nreceiver_email: Seller_1286067248_biz@gmail.com\nmc_shipping: \"0.00\"\npayment_gross: \"49.00\"\ntransaction_subject: Shopping Cart\nreceiver_id: 3HJ4DDLKLCK26\naddress_country: United States\nbusiness: Seller_1286067248_biz@gmail.com\naddress_zip: \"95131\"\ninvoice: \"408\"\npending_reason: paymentreview\nmc_currency: USD\nmc_gross_1: \"49.00\"\npayment_fee: \"1.72\"\nitem_name1: Zuni offering bowl\nnotify_version: \"3.0\"\naction: create\ntxn_id: 0NY800543R817831R\nverify_sign: AsUh7fZHRAst1uqV2LNtQhVTW.K1Av7J1Cn2YHdmSgEHyfqAKfwXZnif\nmc_handling1: \"0.00\"\naddress_country_code: US\naddress_street: 1 Main St\ntest_ipn: \"1\"\ntxn_type: cart\nmc_shipping1: \"0.00\"\nlast_name: User\nmc_fee: \"1.72\"\nmc_handling: \"0.00\"\ncharset: windows-1252\npayer_id: F8H88J9UBMTCY\naddress_status: confirmed\nmc_gross: \"49.00\"\nquantity1: \"1\"\naddress_state: CA\nnum_cart_items: \"1\"\npayer_status: verified\ncustom: \"\"\nitem_number1: \"1\"\ncontroller: payment_notifications\nresidence_country: US\npayer_email: vlogic_1286150750_per@gmail.com\npayment_date: 11:28:30 Feb 16, 2011 PST\nprotection_eligibility: Ineligible\npayment_type: instant\nfirst_name: Test\n',408,NULL),(37,'vlogic_1286150750_per@gmail.com',NULL,'Test','User','1 Main St','San Jose','95131','United States',NULL,'open','2011-03-02 21:47:33','2011-03-02 21:47:33','--- !map:HashWithIndifferentAccess \naddress_status: confirmed\ntxn_type: cart\nitem_name3: Longhair Zuni Katchina\nmc_shipping1: \"0.00\"\nmc_currency: USD\nreceiver_id: 3HJ4DDLKLCK26\nmc_gross: \"299.00\"\nitem_name4: Turquoise and Jaspernecklace\nmc_shipping2: \"0.00\"\ninvoice: \"498\"\nmc_shipping: \"0.00\"\nitem_name5: Handmade painted pot\nmc_shipping3: \"0.00\"\ncharset: windows-1252\nverify_sign: AFcWxV21C7fd0v3bYYYRCpSSRl31AyghtlZp06aCkF6h9O1bf1UCF3.H\npayment_type: instant\nmc_shipping4: \"0.00\"\nmc_shipping5: \"0.00\"\nprotection_eligibility: Ineligible\nquantity1: \"1\"\nmc_gross_1: \"99.00\"\nsecret: bonk889\nquantity2: \"1\"\ncustom: \"\"\nmc_handling1: \"0.00\"\nmc_gross_2: \"50.00\"\naddress_city: San Jose\nquantity3: \"1\"\nmc_handling2: \"0.00\"\nmc_gross_3: \"50.00\"\npayer_status: verified\nmc_handling3: \"0.00\"\nmc_gross_4: \"50.00\"\naddress_country_code: US\npayment_fee: \"8.97\"\naddress_name: Test User\nquantity4: \"1\"\nmc_handling4: \"0.00\"\nmc_gross_5: \"50.00\"\naddress_street: 1 Main St\nquantity5: \"1\"\npayment_status: Pending\nmc_handling5: \"0.00\"\nlast_name: User\npayment_date: 13:46:16 Mar 02, 2011 PST\ntxn_id: 9U748559BP1236441\nbusiness: Seller_1286067248_biz@gmail.com\nmc_handling: \"0.00\"\ntest_ipn: \"1\"\ntax: \"0.00\"\naddress_state: CA\nmc_fee: \"8.97\"\npending_reason: paymentreview\nitem_number1: \"1\"\nnotify_version: \"3.0\"\nitem_number2: \"1\"\nresidence_country: US\npayer_email: vlogic_1286150750_per@gmail.com\naddress_country: United States\npayment_gross: \"299.00\"\naddress_zip: \"95131\"\nreceiver_email: Seller_1286067248_biz@gmail.com\nfirst_name: Test\nitem_number3: \"1\"\ncontroller: payment_notifications\npayer_id: F8H88J9UBMTCY\naction: create\nitem_number4: \"1\"\nnum_cart_items: \"5\"\nitem_name1: Fetish necklace with Zuni Bears\ntransaction_subject: Shopping Cart\nitem_name2: Sterling inlay Zuni belt buckle\nitem_number5: \"1\"\n',498,NULL),(38,'vlogic_1286150750_per@gmail.com',NULL,'Test','User','1 Main St','San Jose','95131','United States',NULL,'open','2011-03-03 05:21:49','2011-03-03 05:21:49','--- !map:HashWithIndifferentAccess \naddress_city: San Jose\naddress_name: Test User\npayment_status: Pending\ntax: \"0.00\"\nreceiver_email: Seller_1286067248_biz@gmail.com\nmc_shipping: \"0.00\"\npayment_gross: \"174.00\"\ntransaction_subject: Shopping Cart\nreceiver_id: 3HJ4DDLKLCK26\naddress_country: United States\nbusiness: Seller_1286067248_biz@gmail.com\naddress_zip: \"95131\"\ninvoice: \"457\"\npending_reason: paymentreview\nmc_currency: USD\nmc_gross_1: \"99.00\"\npayment_fee: \"5.35\"\nitem_name1: Fetish necklace with Zuni Bears\nnotify_version: \"3.0\"\naction: create\nmc_gross_2: \"75.00\"\nitem_name2: claw necklace\ntxn_id: 5HL60675FX612482C\nverify_sign: AM2TQ2-EM-dEmcqBS5z6eiOskz1AAID6oCvKCj0TMEWIClMm.dVDKlDz\nmc_handling1: \"0.00\"\naddress_country_code: US\naddress_street: 1 Main St\ntest_ipn: \"1\"\ntxn_type: cart\nmc_shipping1: \"0.00\"\nmc_handling2: \"0.00\"\nlast_name: User\nmc_shipping2: \"0.00\"\nmc_fee: \"5.35\"\nmc_handling: \"0.00\"\ncharset: windows-1252\npayer_id: F8H88J9UBMTCY\naddress_status: confirmed\nmc_gross: \"174.00\"\nquantity1: \"1\"\naddress_state: CA\nnum_cart_items: \"2\"\npayer_status: verified\ncustom: \"\"\nitem_number1: \"1\"\ncontroller: payment_notifications\nresidence_country: US\nquantity2: \"1\"\npayer_email: vlogic_1286150750_per@gmail.com\npayment_date: 17:53:46 Feb 21, 2011 PST\nitem_number2: \"1\"\nprotection_eligibility: Ineligible\npayment_type: instant\nfirst_name: Test\n',457,NULL),(39,'vlogic_1286150750_per@gmail.com',NULL,'Test','User','1 Main St','San Jose','95131','United States',NULL,'open','2011-03-05 18:23:45','2011-03-05 18:23:45','--- !map:HashWithIndifferentAccess \naddress_city: San Jose\naddress_name: Test User\npayment_status: Pending\ntax: \"0.00\"\nreceiver_email: Seller_1286067248_biz@gmail.com\nmc_shipping: \"0.00\"\npayment_gross: \"150.00\"\ntransaction_subject: Shopping Cart\nreceiver_id: 3HJ4DDLKLCK26\naddress_country: United States\nbusiness: Seller_1286067248_biz@gmail.com\naddress_zip: \"95131\"\ninvoice: \"410\"\npending_reason: paymentreview\nmc_currency: USD\nmc_gross_1: \"50.00\"\npayment_fee: \"4.65\"\nitem_name1: Necklace\nnotify_version: \"3.0\"\naction: create\nmc_gross_2: \"50.00\"\nitem_name2: Turquoise and Jasper necklace\ntxn_id: 2TF43871K0187153K\nverify_sign: AqgUqLWH.7LDuPusVgDseOZNZpW2AOZiK4dtSeKkcmdJv6NE.7u9UnIO\nmc_handling1: \"0.00\"\naddress_country_code: US\naddress_street: 1 Main St\ntest_ipn: \"1\"\nmc_gross_3: \"50.00\"\ntxn_type: cart\nitem_name3: Katchina Hopi sun face\nmc_shipping1: \"0.00\"\nmc_handling2: \"0.00\"\nlast_name: User\nmc_shipping2: \"0.00\"\nmc_handling3: \"0.00\"\nmc_fee: \"4.65\"\nmc_handling: \"0.00\"\ncharset: windows-1252\npayer_id: F8H88J9UBMTCY\naddress_status: confirmed\nmc_gross: \"150.00\"\nquantity1: \"1\"\naddress_state: CA\nmc_shipping3: \"0.00\"\nnum_cart_items: \"3\"\npayer_status: verified\ncustom: \"\"\nitem_number1: \"1\"\ncontroller: payment_notifications\nresidence_country: US\nquantity2: \"1\"\npayer_email: vlogic_1286150750_per@gmail.com\npayment_date: 11:53:42 Feb 16, 2011 PST\nitem_number2: \"1\"\nprotection_eligibility: Ineligible\nquantity3: \"1\"\npayment_type: instant\nfirst_name: Test\nitem_number3: \"1\"\n',410,NULL),(40,'','','','','','','','US','24.5.66.207','failed','2011-03-06 21:28:17','2011-03-06 21:28:19',NULL,NULL,'AL'),(41,'','','','','','','','US','24.5.66.207','failed','2011-03-06 21:36:38','2011-03-06 21:36:40',NULL,NULL,'AL'),(42,'','','','','','','','US','24.5.66.207','failed','2011-03-06 21:37:09','2011-03-06 21:37:10',NULL,NULL,'AL'),(43,'','','','','','','','US','24.5.66.207','failed','2011-03-06 21:38:50','2011-03-06 21:38:52',NULL,NULL,'AL'),(44,'','','','','','','','US','24.5.66.207','failed','2011-03-06 21:39:22','2011-03-06 21:39:23',NULL,NULL,'AL'),(45,'','','','','','','','US','24.5.66.207','failed','2011-03-07 00:32:11','2011-03-07 00:32:12',NULL,NULL,'CA'),(46,'','','','','','','','US','24.5.66.207','failed','2011-03-07 00:34:55','2011-03-07 00:34:55',NULL,NULL,'AL'),(47,'','','','','','','','US','24.5.66.207','failed','2011-03-07 00:35:48','2011-03-07 00:35:49',NULL,NULL,'AL'),(48,'','','','','','','','US','24.5.66.207',NULL,'2011-03-07 00:37:32','2011-03-07 00:37:32',NULL,NULL,'AL'),(49,'','','','','','','','US','24.5.66.207',NULL,'2011-03-07 00:38:03','2011-03-07 00:38:03',NULL,NULL,'AL'),(50,'','','','','','','','US','24.5.66.207',NULL,'2011-03-07 00:42:27','2011-03-07 00:42:27',NULL,NULL,'AL'),(51,'','','','','','','','US','24.5.66.207',NULL,'2011-03-07 00:42:52','2011-03-07 00:42:52',NULL,NULL,'AL'),(52,'','','','','','','','US','24.5.66.207',NULL,'2011-03-07 00:48:29','2011-03-07 00:48:29',NULL,NULL,'AL'),(53,'','','','','','','','US','24.5.66.207',NULL,'2011-03-07 00:49:19','2011-03-07 00:49:19',NULL,NULL,'AL'),(54,'','','','','','','','US','24.5.66.207',NULL,'2011-03-07 00:50:15','2011-03-07 00:50:15',NULL,NULL,'AL'),(55,'','','','','','','','US','24.5.66.207',NULL,'2011-03-07 00:50:54','2011-03-07 00:50:54',NULL,NULL,'AL'),(56,'','','','','','','','US','24.5.66.207',NULL,'2011-03-07 00:51:26','2011-03-07 00:51:26',NULL,NULL,'AL'),(57,'','','','','','','','US','24.5.66.207',NULL,'2011-03-07 00:51:34','2011-03-07 00:51:34',NULL,NULL,'AL');
/*!40000 ALTER TABLE `orders` ENABLE KEYS */;
UNLOCK TABLES;

--
-- Table structure for table `pages`
--

DROP TABLE IF EXISTS `pages`;
/*!40101 SET @saved_cs_client     = @@character_set_client */;
/*!40101 SET character_set_client = utf8 */;
CREATE TABLE `pages` (
  `id` int(11) NOT NULL AUTO_INCREMENT,
  `name` varchar(255) DEFAULT NULL,
  `title` varchar(255) DEFAULT NULL,
  `body` text,
  `order` int(11) DEFAULT NULL,
  `created_at` datetime DEFAULT NULL,
  `updated_at` datetime DEFAULT NULL,
  `admin` tinyint(1) DEFAULT NULL,
  PRIMARY KEY (`id`)
) ENGINE=InnoDB AUTO_INCREMENT=5 DEFAULT CHARSET=latin1;
/*!40101 SET character_set_client = @saved_cs_client */;

--
-- Dumping data for table `pages`
--

LOCK TABLES `pages` WRITE;
/*!40000 ALTER TABLE `pages` DISABLE KEYS */;
INSERT INTO `pages` VALUES (1,'home','home','<h1>Lakota Spirit</h1>\r\n<p><span class=\"text\">The Lakota are a spiritual and free spirited people  living on the Central Plains of The United States. LAKOTA SPIRIT brings  to you the very best of Native American artistic expression and helps  capture that sense of freedom for your own unique style.</span></p>\r\n<p>&nbsp;</p>\r\n<p>&nbsp;</p>\r\n<p>&nbsp;</p>',1,'2010-07-10 01:13:45','2010-09-26 04:22:43',0),(3,'contact','Contact Us','<h3 style=\"text-align: center;\"><span style=\"font-size: small;\">Mark \"Wolf\" Faulkins</span></h3>\r\n<p style=\"text-align: center;\"><span style=\"font-size: medium;\">415-531-5642</span></p>\r\n<p style=\"text-align: center;\"><span style=\"font-size: x-large;\"><a title=\"email\" href=\"http://scr.im/shunkaska\" target=\"_blank\">Email Wolf</a></span></p>',4,'2010-07-10 03:19:04','2010-08-19 02:43:31',0),(4,'about','About Us','Here it page about Lakota Spirit Jewelry ',5,'2010-07-10 03:19:44','2010-07-10 03:19:44',0);
/*!40000 ALTER TABLE `pages` ENABLE KEYS */;
UNLOCK TABLES;

--
-- Table structure for table `payment_notifications`
--

DROP TABLE IF EXISTS `payment_notifications`;
/*!40101 SET @saved_cs_client     = @@character_set_client */;
/*!40101 SET character_set_client = utf8 */;
CREATE TABLE `payment_notifications` (
  `id` int(11) NOT NULL AUTO_INCREMENT,
  `params` text,
  `cart_id` int(11) DEFAULT NULL,
  `status` varchar(255) DEFAULT NULL,
  `transaction_id` varchar(255) DEFAULT NULL,
  `created_at` datetime DEFAULT NULL,
  `updated_at` datetime DEFAULT NULL,
  PRIMARY KEY (`id`)
) ENGINE=InnoDB AUTO_INCREMENT=22 DEFAULT CHARSET=latin1;
/*!40101 SET character_set_client = @saved_cs_client */;

--
-- Dumping data for table `payment_notifications`
--

LOCK TABLES `payment_notifications` WRITE;
/*!40000 ALTER TABLE `payment_notifications` DISABLE KEYS */;
INSERT INTO `payment_notifications` VALUES (1,'--- !map:HashWithIndifferentAccess \naddress_city: San Jose\naddress_name: Test User\npayment_status: Pending\ntax: \"0.00\"\nreceiver_email: Seller_1286067248_biz@gmail.com\nmc_shipping: \"0.00\"\npayment_gross: \"49.00\"\ntransaction_subject: Shopping Cart\nreceiver_id: 3HJ4DDLKLCK26\naddress_country: United States\nbusiness: Seller_1286067248_biz@gmail.com\naddress_zip: \"95131\"\ninvoice: \"408\"\npending_reason: paymentreview\nmc_currency: USD\nmc_gross_1: \"49.00\"\npayment_fee: \"1.72\"\nitem_name1: Zuni offering bowl\nnotify_version: \"3.0\"\naction: create\ntxn_id: 0NY800543R817831R\nverify_sign: AsUh7fZHRAst1uqV2LNtQhVTW.K1Av7J1Cn2YHdmSgEHyfqAKfwXZnif\nmc_handling1: \"0.00\"\naddress_country_code: US\naddress_street: 1 Main St\ntest_ipn: \"1\"\ntxn_type: cart\nmc_shipping1: \"0.00\"\nlast_name: User\nmc_fee: \"1.72\"\nmc_handling: \"0.00\"\ncharset: windows-1252\npayer_id: F8H88J9UBMTCY\naddress_status: confirmed\nmc_gross: \"49.00\"\nquantity1: \"1\"\naddress_state: CA\nnum_cart_items: \"1\"\npayer_status: verified\ncustom: \"\"\nitem_number1: \"1\"\ncontroller: payment_notifications\nresidence_country: US\npayer_email: vlogic_1286150750_per@gmail.com\npayment_date: 11:28:30 Feb 16, 2011 PST\nprotection_eligibility: Ineligible\npayment_type: instant\nfirst_name: Test\n',408,'Pending','0NY800543R817831R','2011-02-16 19:29:31','2011-02-16 19:29:31'),(2,'--- !map:HashWithIndifferentAccess \naddress_city: San Jose\naddress_name: Test User\npayment_status: Pending\ntax: \"0.00\"\nreceiver_email: Seller_1286067248_biz@gmail.com\nmc_shipping: \"0.00\"\npayment_gross: \"150.00\"\ntransaction_subject: Shopping Cart\nreceiver_id: 3HJ4DDLKLCK26\naddress_country: United States\nbusiness: Seller_1286067248_biz@gmail.com\naddress_zip: \"95131\"\ninvoice: \"410\"\npending_reason: paymentreview\nmc_currency: USD\nmc_gross_1: \"50.00\"\npayment_fee: \"4.65\"\nitem_name1: Necklace\nnotify_version: \"3.0\"\naction: create\nmc_gross_2: \"50.00\"\nitem_name2: Turquoise and Jasper necklace\ntxn_id: 2TF43871K0187153K\nverify_sign: AqgUqLWH.7LDuPusVgDseOZNZpW2AOZiK4dtSeKkcmdJv6NE.7u9UnIO\nmc_handling1: \"0.00\"\naddress_country_code: US\naddress_street: 1 Main St\ntest_ipn: \"1\"\nmc_gross_3: \"50.00\"\ntxn_type: cart\nitem_name3: Katchina Hopi sun face\nmc_shipping1: \"0.00\"\nmc_handling2: \"0.00\"\nlast_name: User\nmc_shipping2: \"0.00\"\nmc_handling3: \"0.00\"\nmc_fee: \"4.65\"\nmc_handling: \"0.00\"\ncharset: windows-1252\npayer_id: F8H88J9UBMTCY\naddress_status: confirmed\nmc_gross: \"150.00\"\nquantity1: \"1\"\naddress_state: CA\nmc_shipping3: \"0.00\"\nnum_cart_items: \"3\"\npayer_status: verified\ncustom: \"\"\nitem_number1: \"1\"\ncontroller: payment_notifications\nresidence_country: US\nquantity2: \"1\"\npayer_email: vlogic_1286150750_per@gmail.com\npayment_date: 11:53:42 Feb 16, 2011 PST\nitem_number2: \"1\"\nprotection_eligibility: Ineligible\nquantity3: \"1\"\npayment_type: instant\nfirst_name: Test\nitem_number3: \"1\"\n',410,'Pending','2TF43871K0187153K','2011-02-16 19:54:12','2011-02-16 19:54:12'),(3,'--- !map:HashWithIndifferentAccess \naddress_city: San Jose\naddress_name: Test User\npayment_status: Pending\ntax: \"0.00\"\nreceiver_email: Seller_1286067248_biz@gmail.com\nmc_shipping: \"0.00\"\npayment_gross: \"350.00\"\ntransaction_subject: Shopping Cart\nreceiver_id: 3HJ4DDLKLCK26\naddress_country: United States\nbusiness: Seller_1286067248_biz@gmail.com\naddress_zip: \"95131\"\ninvoice: \"412\"\npending_reason: paymentreview\nmc_currency: USD\nmc_gross_1: \"75.00\"\npayment_fee: \"10.45\"\nitem_name1: Fossil Shell Necklace\nnotify_version: \"3.0\"\naction: create\nmc_gross_2: \"75.00\"\nitem_name2: claw necklace\ntxn_id: 4B286443NH8578722\nverify_sign: AS8mcOwXz-BPfGG6jakfB7WL4QtrAeq3XwCvcQlKFKFY6JRVakSqKbis\nmc_handling1: \"0.00\"\naddress_country_code: US\naddress_street: 1 Main St\ntest_ipn: \"1\"\nmc_gross_3: \"200.00\"\ntxn_type: cart\nitem_name3: kachina doll\nmc_shipping1: \"0.00\"\nmc_handling2: \"0.00\"\nlast_name: User\nmc_shipping2: \"0.00\"\nmc_handling3: \"0.00\"\nmc_fee: \"10.45\"\nmc_handling: \"0.00\"\ncharset: windows-1252\npayer_id: F8H88J9UBMTCY\naddress_status: confirmed\nmc_gross: \"350.00\"\nquantity1: \"1\"\naddress_state: CA\nmc_shipping3: \"0.00\"\nnum_cart_items: \"3\"\npayer_status: verified\ncustom: \"\"\nitem_number1: \"1\"\ncontroller: payment_notifications\nresidence_country: US\nquantity2: \"1\"\npayer_email: vlogic_1286150750_per@gmail.com\npayment_date: 12:22:31 Feb 16, 2011 PST\nitem_number2: \"1\"\nprotection_eligibility: Ineligible\nquantity3: \"1\"\npayment_type: instant\nfirst_name: Test\nitem_number3: \"1\"\n',412,'Pending','4B286443NH8578722','2011-02-16 20:23:26','2011-02-16 20:23:26'),(4,'--- !map:HashWithIndifferentAccess \naddress_city: San Jose\naddress_name: Test User\npayment_status: Pending\ntax: \"0.00\"\nreceiver_email: Seller_1286067248_biz@gmail.com\nmc_shipping: \"0.00\"\npayment_gross: \"350.00\"\ntransaction_subject: Shopping Cart\nreceiver_id: 3HJ4DDLKLCK26\naddress_country: United States\nbusiness: Seller_1286067248_biz@gmail.com\naddress_zip: \"95131\"\ninvoice: \"465\"\npending_reason: paymentreview\nmc_currency: USD\nmc_gross_1: \"75.00\"\npayment_fee: \"10.45\"\nitem_name1: Fossil Shell Necklace\nnotify_version: \"3.0\"\naction: create\nmc_gross_2: \"75.00\"\nitem_name2: claw necklace\ntxn_id: 5NE98015V5522542D\nverify_sign: AXUmVQlFZftthr9jnJt3sekgGT4EAMqVN.X4Z7jM7gpWTKR.9as2ioLK\nmc_handling1: \"0.00\"\naddress_country_code: US\naddress_street: 1 Main St\ntest_ipn: \"1\"\nmc_gross_3: \"200.00\"\ntxn_type: cart\nitem_name3: kachina doll\nmc_shipping1: \"0.00\"\nmc_handling2: \"0.00\"\nlast_name: User\nmc_shipping2: \"0.00\"\nmc_handling3: \"0.00\"\nmc_fee: \"10.45\"\nmc_handling: \"0.00\"\ncharset: windows-1252\npayer_id: F8H88J9UBMTCY\naddress_status: confirmed\nmc_gross: \"350.00\"\nquantity1: \"1\"\naddress_state: CA\nmc_shipping3: \"0.00\"\nnum_cart_items: \"3\"\npayer_status: verified\ncustom: \"\"\nitem_number1: \"1\"\ncontroller: payment_notifications\nresidence_country: US\nquantity2: \"1\"\npayer_email: vlogic_1286150750_per@gmail.com\npayment_date: 11:12:25 Feb 22, 2011 PST\nitem_number2: \"1\"\nprotection_eligibility: Ineligible\nquantity3: \"1\"\npayment_type: instant\nfirst_name: Test\nitem_number3: \"1\"\n',465,'Pending','5NE98015V5522542D','2011-02-22 19:13:36','2011-02-22 19:13:36'),(5,'--- !map:HashWithIndifferentAccess \naddress_city: San Jose\naddress_name: Test User\npayment_status: Pending\ntax: \"0.00\"\nreceiver_email: Seller_1286067248_biz@gmail.com\nmc_shipping: \"0.00\"\npayment_gross: \"685.00\"\ntransaction_subject: Shopping Cart\nreceiver_id: 3HJ4DDLKLCK26\naddress_country: United States\nbusiness: Seller_1286067248_biz@gmail.com\naddress_zip: \"95131\"\ninvoice: \"467\"\npending_reason: paymentreview\nmc_currency: USD\nmc_gross_1: \"650.00\"\npayment_fee: \"20.17\"\nitem_name1: Sterling turquoise claw bracelet\nnotify_version: \"3.0\"\naction: create\nmc_gross_2: \"35.00\"\nitem_name2: Turquoise and Sterling cross\ntxn_id: 0GA364807C066354E\nverify_sign: AJPsf-D6YHdb2yltnK1MnrQCXweFAD87-XYDKPimECyNT4Yn8DrwsrzT\nmc_handling1: \"0.00\"\naddress_country_code: US\naddress_street: 1 Main St\ntest_ipn: \"1\"\ntxn_type: cart\nmc_shipping1: \"0.00\"\nmc_handling2: \"0.00\"\nlast_name: User\nmc_shipping2: \"0.00\"\nmc_fee: \"20.17\"\nmc_handling: \"0.00\"\ncharset: windows-1252\npayer_id: F8H88J9UBMTCY\naddress_status: confirmed\nmc_gross: \"685.00\"\nquantity1: \"1\"\naddress_state: CA\nnum_cart_items: \"2\"\npayer_status: verified\ncustom: \"\"\nitem_number1: \"1\"\ncontroller: payment_notifications\nresidence_country: US\nquantity2: \"1\"\npayer_email: vlogic_1286150750_per@gmail.com\npayment_date: 11:20:40 Feb 22, 2011 PST\nitem_number2: \"1\"\nprotection_eligibility: Ineligible\npayment_type: instant\nfirst_name: Test\n',467,'Pending','0GA364807C066354E','2011-02-22 19:21:46','2011-02-22 19:21:46'),(6,'--- !map:HashWithIndifferentAccess \naddress_city: San Jose\naddress_name: Test User\npayment_status: Pending\ntax: \"0.00\"\nreceiver_email: Seller_1286067248_biz@gmail.com\nmc_shipping: \"0.00\"\npayment_gross: \"75.00\"\ntransaction_subject: Shopping Cart\nreceiver_id: 3HJ4DDLKLCK26\naddress_country: United States\nbusiness: Seller_1286067248_biz@gmail.com\naddress_zip: \"95131\"\ninvoice: \"469\"\npending_reason: paymentreview\nmc_currency: USD\nmc_gross_1: \"75.00\"\npayment_fee: \"2.48\"\nitem_name1: claw necklace\nnotify_version: \"3.0\"\naction: create\ntxn_id: 5R42931033665692J\nverify_sign: AT4BYkuFGw9EWujvAG-IXqC01y-IAvekJNhlCise6AhyiD3PjZ4lliiw\nmc_handling1: \"0.00\"\naddress_country_code: US\naddress_street: 1 Main St\ntest_ipn: \"1\"\ntxn_type: cart\nmc_shipping1: \"0.00\"\nlast_name: User\nmc_fee: \"2.48\"\nmc_handling: \"0.00\"\ncharset: windows-1252\npayer_id: F8H88J9UBMTCY\naddress_status: confirmed\nmc_gross: \"75.00\"\nquantity1: \"1\"\naddress_state: CA\nnum_cart_items: \"1\"\npayer_status: verified\ncustom: \"\"\nitem_number1: \"1\"\ncontroller: payment_notifications\nresidence_country: US\npayer_email: vlogic_1286150750_per@gmail.com\npayment_date: 11:47:43 Feb 22, 2011 PST\nprotection_eligibility: Ineligible\npayment_type: instant\nfirst_name: Test\n',469,'Pending','5R42931033665692J','2011-02-22 19:48:37','2011-02-22 19:48:37'),(7,'--- !map:HashWithIndifferentAccess \naddress_city: San Jose\naddress_name: Test User\npayment_status: Pending\ntax: \"0.00\"\nreceiver_email: Seller_1286067248_biz@gmail.com\nmc_shipping: \"0.00\"\npayment_gross: \"100.00\"\ntransaction_subject: Shopping Cart\nreceiver_id: 3HJ4DDLKLCK26\naddress_country: United States\nbusiness: Seller_1286067248_biz@gmail.com\naddress_zip: \"95131\"\ninvoice: \"471\"\npending_reason: paymentreview\nmc_currency: USD\nmc_gross_1: \"50.00\"\npayment_fee: \"3.20\"\nitem_name1: Mouse Katchina\nnotify_version: \"3.0\"\naction: create\nmc_gross_2: \"50.00\"\nitem_name2: Horse Pipe\ntxn_id: 54F15079KJ532420P\nverify_sign: A0CfWa3djiwYxj9TShJKmuJX.LTLAyiPG-5TUfw1AcBdUDoXjQd4fsME\nmc_handling1: \"0.00\"\naddress_country_code: US\naddress_street: 1 Main St\ntest_ipn: \"1\"\ntxn_type: cart\nmc_shipping1: \"0.00\"\nmc_handling2: \"0.00\"\nlast_name: User\nmc_shipping2: \"0.00\"\nmc_fee: \"3.20\"\nmc_handling: \"0.00\"\ncharset: windows-1252\npayer_id: F8H88J9UBMTCY\naddress_status: confirmed\nmc_gross: \"100.00\"\nquantity1: \"1\"\naddress_state: CA\nnum_cart_items: \"2\"\npayer_status: verified\ncustom: \"\"\nitem_number1: \"1\"\ncontroller: payment_notifications\nresidence_country: US\nquantity2: \"1\"\npayer_email: vlogic_1286150750_per@gmail.com\npayment_date: 12:59:51 Feb 22, 2011 PST\nitem_number2: \"1\"\nprotection_eligibility: Ineligible\npayment_type: instant\nfirst_name: Test\n',471,'Pending','54F15079KJ532420P','2011-02-22 21:01:07','2011-02-22 21:01:07'),(8,'--- !map:HashWithIndifferentAccess \naddress_status: confirmed\ntxn_type: cart\nitem_name3: Longhair Zuni Katchina\nmc_shipping1: \"0.00\"\nmc_currency: USD\nreceiver_id: 3HJ4DDLKLCK26\nmc_gross: \"250.00\"\nitem_name4: Turquoise and Jaspernecklace\nmc_shipping2: \"0.00\"\ninvoice: \"473\"\nmc_shipping: \"0.00\"\nitem_name5: Katchina Hopi eagle dancer\nmc_shipping3: \"0.00\"\ncharset: windows-1252\nverify_sign: AsJKyBfSl10jC8cer9coRWUtWDMZAo3c5e3VNOhRGyieGt-aJrchM115\npayment_type: instant\nmc_shipping4: \"0.00\"\nmc_shipping5: \"0.00\"\nprotection_eligibility: Ineligible\nquantity1: \"1\"\nmc_gross_1: \"50.00\"\nquantity2: \"1\"\ncustom: \"\"\nmc_handling1: \"0.00\"\nmc_gross_2: \"50.00\"\naddress_city: San Jose\nquantity3: \"1\"\nmc_handling2: \"0.00\"\nmc_gross_3: \"50.00\"\npayer_status: verified\nmc_handling3: \"0.00\"\nmc_gross_4: \"50.00\"\naddress_country_code: US\npayment_fee: \"7.55\"\naddress_name: Test User\nquantity4: \"1\"\nmc_handling4: \"0.00\"\nmc_gross_5: \"50.00\"\naddress_street: 1 Main St\nquantity5: \"1\"\npayment_status: Pending\nmc_handling5: \"0.00\"\nlast_name: User\npayment_date: 15:58:13 Feb 22, 2011 PST\ntxn_id: 15K56288SW9897525\nbusiness: Seller_1286067248_biz@gmail.com\nmc_handling: \"0.00\"\ntest_ipn: \"1\"\ntax: \"0.00\"\naddress_state: CA\nmc_fee: \"7.55\"\npending_reason: paymentreview\nitem_number1: \"1\"\nnotify_version: \"3.0\"\nitem_number2: \"1\"\nresidence_country: US\npayer_email: vlogic_1286150750_per@gmail.com\naddress_country: United States\npayment_gross: \"250.00\"\naddress_zip: \"95131\"\nfirst_name: Test\nitem_number3: \"1\"\ncontroller: payment_notifications\npayer_id: F8H88J9UBMTCY\naction: create\nreceiver_email: Seller_1286067248_biz@gmail.com\nitem_number4: \"1\"\nnum_cart_items: \"5\"\nitem_name1: longhair Zuni Katchina\ntransaction_subject: Shopping Cart\nitem_name2: Sterling inlay Zuni belt buckle\nitem_number5: \"1\"\n',473,'Pending','15K56288SW9897525','2011-02-22 23:58:56','2011-02-22 23:58:56'),(9,'--- !map:HashWithIndifferentAccess \naddress_status: confirmed\ntxn_type: cart\nitem_name3: Longhair Zuni Katchina\nmc_shipping1: \"0.00\"\nmc_currency: USD\nreceiver_id: 3HJ4DDLKLCK26\nmc_gross: \"250.00\"\nitem_name4: Turquoise and Jaspernecklace\nmc_shipping2: \"0.00\"\ninvoice: \"473\"\nmc_shipping: \"0.00\"\nitem_name5: Katchina Hopi eagle dancer\nmc_shipping3: \"0.00\"\ncharset: windows-1252\nverify_sign: A0dHxYbZfSkp2SbFtMGs0VSxb9g1AMrRdsULxVlfdmfJ5YdNksyfGKco\npayment_type: instant\nmc_shipping4: \"0.00\"\nmc_shipping5: \"0.00\"\nprotection_eligibility: Eligible\nquantity1: \"1\"\nmc_gross_1: \"50.00\"\nquantity2: \"1\"\ncustom: \"\"\nmc_handling1: \"0.00\"\nmc_gross_2: \"50.00\"\naddress_city: San Jose\nquantity3: \"1\"\nmc_handling2: \"0.00\"\nmc_gross_3: \"50.00\"\npayer_status: verified\nmc_handling3: \"0.00\"\nmc_gross_4: \"50.00\"\naddress_country_code: US\npayment_fee: \"7.55\"\naddress_name: Test User\nquantity4: \"1\"\nmc_handling4: \"0.00\"\nmc_gross_5: \"50.00\"\naddress_street: 1 Main St\nquantity5: \"1\"\npayment_status: Completed\nmc_handling5: \"0.00\"\nlast_name: User\npayment_date: 15:58:13 Feb 22, 2011 PST\ntxn_id: 15K56288SW9897525\nbusiness: Seller_1286067248_biz@gmail.com\nmc_handling: \"0.00\"\ntest_ipn: \"1\"\ntax: \"0.00\"\naddress_state: CA\nmc_fee: \"7.55\"\nitem_number1: \"1\"\nnotify_version: \"3.0\"\nitem_number2: \"1\"\nresidence_country: US\npayer_email: vlogic_1286150750_per@gmail.com\npayment_gross: \"250.00\"\naddress_zip: \"95131\"\naddress_country: United States\nfirst_name: Test\nitem_number3: \"1\"\ncontroller: payment_notifications\npayer_id: F8H88J9UBMTCY\naction: create\nreceiver_email: Seller_1286067248_biz@gmail.com\nitem_number4: \"1\"\nnum_cart_items: \"5\"\nitem_name1: longhair Zuni Katchina\ntransaction_subject: Shopping Cart\nitem_name2: Sterling inlay Zuni belt buckle\nitem_number5: \"1\"\n',473,'Completed','15K56288SW9897525','2011-02-23 00:43:19','2011-02-23 00:43:19'),(10,'--- !map:HashWithIndifferentAccess \naddress_city: San Jose\naddress_name: Test User\npayment_status: Completed\ntax: \"0.00\"\nreceiver_email: Seller_1286067248_biz@gmail.com\nmc_shipping: \"0.00\"\npayment_gross: \"150.00\"\ntransaction_subject: Shopping Cart\nreceiver_id: 3HJ4DDLKLCK26\naddress_country: United States\nbusiness: Seller_1286067248_biz@gmail.com\naddress_zip: \"95131\"\ninvoice: \"401\"\nmc_currency: USD\nmc_gross_1: \"75.00\"\npayment_fee: \"4.65\"\nitem_name1: claw necklace\nnotify_version: \"3.0\"\naction: create\nmc_gross_2: \"75.00\"\nitem_name2: Fossil Shell Necklace\ntxn_id: 4KF34529D1372274V\nverify_sign: AFcWxV21C7fd0v3bYYYRCpSSRl31ALdfGmv6Hmv8-bT6Fz.Fcdh08u.r\nmc_handling1: \"0.00\"\naddress_country_code: US\naddress_street: 1 Main St\ntest_ipn: \"1\"\ntxn_type: cart\nmc_shipping1: \"0.00\"\nmc_handling2: \"0.00\"\nlast_name: User\nmc_shipping2: \"0.00\"\nmc_fee: \"4.65\"\nmc_handling: \"0.00\"\ncharset: windows-1252\npayer_id: F8H88J9UBMTCY\naddress_status: confirmed\nmc_gross: \"150.00\"\nquantity1: \"1\"\naddress_state: CA\nnum_cart_items: \"2\"\npayer_status: verified\ncustom: \"\"\nitem_number1: \"1\"\ncontroller: payment_notifications\nresidence_country: US\nquantity2: \"1\"\npayer_email: vlogic_1286150750_per@gmail.com\npayment_date: 16:45:33 Feb 15, 2011 PST\nitem_number2: \"1\"\nprotection_eligibility: Eligible\npayment_type: instant\nfirst_name: Test\n',401,'Completed','4KF34529D1372274V','2011-02-23 00:44:15','2011-02-23 00:44:15'),(11,'--- !map:HashWithIndifferentAccess \naddress_city: San Jose\naddress_name: Test User\npayment_status: Completed\ntax: \"0.00\"\nreceiver_email: Seller_1286067248_biz@gmail.com\nmc_shipping: \"0.00\"\npayment_gross: \"100.00\"\ntransaction_subject: Shopping Cart\nreceiver_id: 3HJ4DDLKLCK26\naddress_country: United States\nbusiness: Seller_1286067248_biz@gmail.com\naddress_zip: \"95131\"\ninvoice: \"471\"\nmc_currency: USD\nmc_gross_1: \"50.00\"\npayment_fee: \"3.20\"\nitem_name1: Mouse Katchina\nnotify_version: \"3.0\"\naction: create\nmc_gross_2: \"50.00\"\nitem_name2: Horse Pipe\ntxn_id: 54F15079KJ532420P\nverify_sign: AqHIydeCsOeZmsw044nAXkjBeAILA3DMZ4pCWd54I2CnqCF1CtUTFjnW\nmc_handling1: \"0.00\"\naddress_country_code: US\naddress_street: 1 Main St\ntest_ipn: \"1\"\ntxn_type: cart\nmc_shipping1: \"0.00\"\nmc_handling2: \"0.00\"\nlast_name: User\nmc_shipping2: \"0.00\"\nmc_fee: \"3.20\"\nmc_handling: \"0.00\"\ncharset: windows-1252\npayer_id: F8H88J9UBMTCY\naddress_status: confirmed\nmc_gross: \"100.00\"\nquantity1: \"1\"\naddress_state: CA\nnum_cart_items: \"2\"\npayer_status: verified\ncustom: \"\"\nitem_number1: \"1\"\ncontroller: payment_notifications\nresidence_country: US\nquantity2: \"1\"\npayer_email: vlogic_1286150750_per@gmail.com\npayment_date: 12:59:51 Feb 22, 2011 PST\nitem_number2: \"1\"\nprotection_eligibility: Eligible\npayment_type: instant\nfirst_name: Test\n',471,'Completed','54F15079KJ532420P','2011-02-23 00:45:15','2011-02-23 00:45:15'),(12,'--- !map:HashWithIndifferentAccess \naddress_city: San Jose\naddress_name: Test User\npayment_status: Completed\ntax: \"0.00\"\nreceiver_email: Seller_1286067248_biz@gmail.com\nmc_shipping: \"0.00\"\npayment_gross: \"685.00\"\ntransaction_subject: Shopping Cart\nreceiver_id: 3HJ4DDLKLCK26\naddress_country: United States\nbusiness: Seller_1286067248_biz@gmail.com\naddress_zip: \"95131\"\ninvoice: \"467\"\nmc_currency: USD\nmc_gross_1: \"650.00\"\npayment_fee: \"20.17\"\nitem_name1: Sterling turquoise claw bracelet\nnotify_version: \"3.0\"\naction: create\nmc_gross_2: \"35.00\"\nitem_name2: Turquoise and Sterling cross\ntxn_id: 0GA364807C066354E\nverify_sign: AzqtT-VgQHdOZWQ9qLV2pUzyQVE-A4.nYFpptgKIJX9M7cscX5Cd0VTs\nmc_handling1: \"0.00\"\naddress_country_code: US\naddress_street: 1 Main St\ntest_ipn: \"1\"\ntxn_type: cart\nmc_shipping1: \"0.00\"\nmc_handling2: \"0.00\"\nlast_name: User\nmc_shipping2: \"0.00\"\nmc_fee: \"20.17\"\nmc_handling: \"0.00\"\ncharset: windows-1252\npayer_id: F8H88J9UBMTCY\naddress_status: confirmed\nmc_gross: \"685.00\"\nquantity1: \"1\"\naddress_state: CA\nnum_cart_items: \"2\"\npayer_status: verified\ncustom: \"\"\nitem_number1: \"1\"\ncontroller: payment_notifications\nresidence_country: US\nquantity2: \"1\"\npayer_email: vlogic_1286150750_per@gmail.com\npayment_date: 11:20:40 Feb 22, 2011 PST\nitem_number2: \"1\"\nprotection_eligibility: Eligible\npayment_type: instant\nfirst_name: Test\n',467,'Completed','0GA364807C066354E','2011-02-23 00:46:16','2011-02-23 00:46:16'),(13,'--- !map:HashWithIndifferentAccess \naddress_city: San Jose\naddress_name: Test User\npayment_status: Completed\ntax: \"0.00\"\nreceiver_email: Seller_1286067248_biz@gmail.com\nmc_shipping: \"0.00\"\npayment_gross: \"75.00\"\ntransaction_subject: Shopping Cart\nreceiver_id: 3HJ4DDLKLCK26\naddress_country: United States\nbusiness: Seller_1286067248_biz@gmail.com\naddress_zip: \"95131\"\ninvoice: \"469\"\nmc_currency: USD\nmc_gross_1: \"75.00\"\npayment_fee: \"2.48\"\nitem_name1: claw necklace\nnotify_version: \"3.0\"\naction: create\ntxn_id: 5R42931033665692J\nverify_sign: AYVlrYNo7XSZgdSzhIO9jh48XAPGATz.Vkp0mFD56rRDnoZeOe..mQ4N\nmc_handling1: \"0.00\"\naddress_country_code: US\naddress_street: 1 Main St\ntest_ipn: \"1\"\ntxn_type: cart\nmc_shipping1: \"0.00\"\nlast_name: User\nmc_fee: \"2.48\"\nmc_handling: \"0.00\"\ncharset: windows-1252\npayer_id: F8H88J9UBMTCY\naddress_status: confirmed\nmc_gross: \"75.00\"\nquantity1: \"1\"\naddress_state: CA\nnum_cart_items: \"1\"\npayer_status: verified\ncustom: \"\"\nitem_number1: \"1\"\ncontroller: payment_notifications\nresidence_country: US\npayer_email: vlogic_1286150750_per@gmail.com\npayment_date: 11:47:43 Feb 22, 2011 PST\nprotection_eligibility: Eligible\npayment_type: instant\nfirst_name: Test\n',469,'Completed','5R42931033665692J','2011-02-23 00:46:17','2011-02-23 00:46:17'),(14,'--- !map:HashWithIndifferentAccess \naddress_city: San Jose\naddress_name: Test User\npayment_status: Completed\ntax: \"0.00\"\nreceiver_email: Seller_1286067248_biz@gmail.com\nmc_shipping: \"0.00\"\npayment_gross: \"350.00\"\ntransaction_subject: Shopping Cart\nreceiver_id: 3HJ4DDLKLCK26\naddress_country: United States\nbusiness: Seller_1286067248_biz@gmail.com\naddress_zip: \"95131\"\ninvoice: \"465\"\nmc_currency: USD\nmc_gross_1: \"75.00\"\npayment_fee: \"10.45\"\nitem_name1: Fossil Shell Necklace\nnotify_version: \"3.0\"\naction: create\nmc_gross_2: \"75.00\"\nitem_name2: claw necklace\ntxn_id: 5NE98015V5522542D\nverify_sign: AXFuxmUqKklZKIJvJvZ11em642XGAHt5d1LqbY2LmqWuXmkP4DntHMiz\nmc_handling1: \"0.00\"\naddress_country_code: US\naddress_street: 1 Main St\ntest_ipn: \"1\"\nmc_gross_3: \"200.00\"\ntxn_type: cart\nitem_name3: kachina doll\nmc_shipping1: \"0.00\"\nmc_handling2: \"0.00\"\nlast_name: User\nmc_shipping2: \"0.00\"\nmc_handling3: \"0.00\"\nmc_fee: \"10.45\"\nmc_handling: \"0.00\"\ncharset: windows-1252\npayer_id: F8H88J9UBMTCY\naddress_status: confirmed\nmc_gross: \"350.00\"\nquantity1: \"1\"\naddress_state: CA\nmc_shipping3: \"0.00\"\nnum_cart_items: \"3\"\npayer_status: verified\ncustom: \"\"\nitem_number1: \"1\"\ncontroller: payment_notifications\nresidence_country: US\nquantity2: \"1\"\npayer_email: vlogic_1286150750_per@gmail.com\npayment_date: 11:12:25 Feb 22, 2011 PST\nitem_number2: \"1\"\nprotection_eligibility: Eligible\nquantity3: \"1\"\npayment_type: instant\nfirst_name: Test\nitem_number3: \"1\"\n',465,'Completed','5NE98015V5522542D','2011-02-23 00:47:17','2011-02-23 00:47:17'),(15,'--- !map:HashWithIndifferentAccess \naddress_city: San Jose\naddress_name: Test User\npayment_status: Completed\ntax: \"0.00\"\nreceiver_email: Seller_1286067248_biz@gmail.com\nmc_shipping: \"0.00\"\npayment_gross: \"124.00\"\ntransaction_subject: Shopping Cart\nreceiver_id: 3HJ4DDLKLCK26\naddress_country: United States\nbusiness: Seller_1286067248_biz@gmail.com\naddress_zip: \"95131\"\ninvoice: \"464\"\nmc_currency: USD\nmc_gross_1: \"49.00\"\npayment_fee: \"3.90\"\nitem_name1: Zuni offering bowl\nnotify_version: \"3.0\"\naction: create\nmc_gross_2: \"75.00\"\nitem_name2: claw necklace\ntxn_id: 7GM47626JV212250U\nverify_sign: AzWe48Gro3BZx0sx-e-wcuWQQpK1AzHGP2FNaz6swHk5BWnttqxRnTf6\nmc_handling1: \"0.00\"\naddress_country_code: US\naddress_street: 1 Main St\ntest_ipn: \"1\"\ntxn_type: cart\nmc_shipping1: \"0.00\"\nmc_handling2: \"0.00\"\nlast_name: User\nmc_shipping2: \"0.00\"\nmc_fee: \"3.90\"\nmc_handling: \"0.00\"\ncharset: windows-1252\npayer_id: F8H88J9UBMTCY\naddress_status: confirmed\nmc_gross: \"124.00\"\nquantity1: \"1\"\naddress_state: CA\nnum_cart_items: \"2\"\npayer_status: verified\ncustom: \"\"\nitem_number1: \"1\"\ncontroller: payment_notifications\nresidence_country: US\nquantity2: \"1\"\npayer_email: vlogic_1286150750_per@gmail.com\npayment_date: 10:13:00 Feb 22, 2011 PST\nitem_number2: \"1\"\nprotection_eligibility: Eligible\npayment_type: instant\nfirst_name: Test\n',464,'Completed','7GM47626JV212250U','2011-02-23 00:48:16','2011-02-23 00:48:16'),(16,'--- !map:HashWithIndifferentAccess \naddress_city: San Jose\naddress_name: Test User\npayment_status: Completed\ntax: \"0.00\"\nreceiver_email: Seller_1286067248_biz@gmail.com\nmc_shipping: \"0.00\"\npayment_gross: \"148.00\"\ntransaction_subject: Shopping Cart\nreceiver_id: 3HJ4DDLKLCK26\naddress_country: United States\nbusiness: Seller_1286067248_biz@gmail.com\naddress_zip: \"95131\"\ninvoice: \"463\"\nmc_currency: USD\nmc_gross_1: \"99.00\"\npayment_fee: \"4.59\"\nitem_name1: Fetish necklace with Zuni Bears\nnotify_version: \"3.0\"\naction: create\nmc_gross_2: \"49.00\"\nitem_name2: Zuni offering bowl\ntxn_id: 9BS68665LW9559151\nverify_sign: AfvhVRjbapGLMYzXuXfLIZ5hpzFnALB7pZoI5bv-hzIdFu0C-43.C86f\nmc_handling1: \"0.00\"\naddress_country_code: US\naddress_street: 1 Main St\ntest_ipn: \"1\"\ntxn_type: cart\nmc_shipping1: \"0.00\"\nmc_handling2: \"0.00\"\nlast_name: User\nmc_shipping2: \"0.00\"\nmc_fee: \"4.59\"\nmc_handling: \"0.00\"\ncharset: windows-1252\npayer_id: F8H88J9UBMTCY\naddress_status: confirmed\nmc_gross: \"148.00\"\nquantity1: \"1\"\naddress_state: CA\nnum_cart_items: \"2\"\npayer_status: verified\ncustom: \"\"\nitem_number1: \"1\"\ncontroller: payment_notifications\nresidence_country: US\nquantity2: \"1\"\npayer_email: vlogic_1286150750_per@gmail.com\npayment_date: 10:07:41 Feb 22, 2011 PST\nitem_number2: \"1\"\nprotection_eligibility: Eligible\npayment_type: instant\nfirst_name: Test\n',463,'Completed','9BS68665LW9559151','2011-02-23 00:48:17','2011-02-23 00:48:17'),(17,'--- !map:HashWithIndifferentAccess \naddress_city: San Jose\naddress_name: Test User\npayment_status: Pending\ntax: \"0.00\"\nreceiver_email: Seller_1286067248_biz@gmail.com\nmc_shipping: \"0.00\"\npayment_gross: \"150.00\"\ntransaction_subject: Shopping Cart\nreceiver_id: 3HJ4DDLKLCK26\naddress_country: United States\nbusiness: Seller_1286067248_biz@gmail.com\naddress_zip: \"95131\"\ninvoice: \"460\"\npending_reason: paymentreview\nmc_currency: USD\nmc_gross_1: \"50.00\"\npayment_fee: \"4.65\"\nitem_name1: Horse Pipe\nnotify_version: \"3.0\"\naction: create\nmc_gross_2: \"50.00\"\nitem_name2: Mouse Katchina\ntxn_id: 51L95054JG0654413\nverify_sign: AQU0e5vuZCvSg-XJploSa.sGUDlpAQlwNHSXDKBRMt1fdf1yn59voNsS\nmc_handling1: \"0.00\"\naddress_country_code: US\naddress_street: 1 Main St\ntest_ipn: \"1\"\nmc_gross_3: \"50.00\"\ntxn_type: cart\nitem_name3: C Pot\nmc_shipping1: \"0.00\"\nmc_handling2: \"0.00\"\nlast_name: User\nmc_shipping2: \"0.00\"\nmc_handling3: \"0.00\"\nmc_fee: \"4.65\"\nmc_handling: \"0.00\"\ncharset: windows-1252\npayer_id: F8H88J9UBMTCY\naddress_status: confirmed\nmc_gross: \"150.00\"\nquantity1: \"1\"\naddress_state: CA\nmc_shipping3: \"0.00\"\nnum_cart_items: \"3\"\npayer_status: verified\ncustom: \"\"\nitem_number1: \"1\"\ncontroller: payment_notifications\nresidence_country: US\nquantity2: \"1\"\npayer_email: vlogic_1286150750_per@gmail.com\npayment_date: 01:48:21 Feb 22, 2011 PST\nitem_number2: \"1\"\nprotection_eligibility: Ineligible\nquantity3: \"1\"\npayment_type: instant\nfirst_name: Test\nitem_number3: \"1\"\n',460,'Pending','51L95054JG0654413','2011-02-23 11:38:25','2011-02-23 11:38:25'),(18,'--- !map:HashWithIndifferentAccess \naddress_city: San Jose\naddress_name: Test User\npayment_status: Pending\ntax: \"0.00\"\nreceiver_email: Seller_1286067248_biz@gmail.com\nmc_shipping: \"0.00\"\npayment_gross: \"49.00\"\ntransaction_subject: Shopping Cart\nreceiver_id: 3HJ4DDLKLCK26\naddress_country: United States\nbusiness: Seller_1286067248_biz@gmail.com\naddress_zip: \"95131\"\ninvoice: \"408\"\npending_reason: paymentreview\nmc_currency: USD\nmc_gross_1: \"49.00\"\npayment_fee: \"1.72\"\nitem_name1: Zuni offering bowl\nnotify_version: \"3.0\"\naction: create\ntxn_id: 0NY800543R817831R\nverify_sign: AsUh7fZHRAst1uqV2LNtQhVTW.K1Av7J1Cn2YHdmSgEHyfqAKfwXZnif\nmc_handling1: \"0.00\"\naddress_country_code: US\naddress_street: 1 Main St\ntest_ipn: \"1\"\ntxn_type: cart\nmc_shipping1: \"0.00\"\nlast_name: User\nmc_fee: \"1.72\"\nmc_handling: \"0.00\"\ncharset: windows-1252\npayer_id: F8H88J9UBMTCY\naddress_status: confirmed\nmc_gross: \"49.00\"\nquantity1: \"1\"\naddress_state: CA\nnum_cart_items: \"1\"\npayer_status: verified\ncustom: \"\"\nitem_number1: \"1\"\ncontroller: payment_notifications\nresidence_country: US\npayer_email: vlogic_1286150750_per@gmail.com\npayment_date: 11:28:30 Feb 16, 2011 PST\nprotection_eligibility: Ineligible\npayment_type: instant\nfirst_name: Test\n',408,'Pending','0NY800543R817831R','2011-03-02 10:01:50','2011-03-02 10:01:50'),(19,'--- !map:HashWithIndifferentAccess \naddress_status: confirmed\ntxn_type: cart\nitem_name3: Longhair Zuni Katchina\nmc_shipping1: \"0.00\"\nmc_currency: USD\nreceiver_id: 3HJ4DDLKLCK26\nmc_gross: \"299.00\"\nitem_name4: Turquoise and Jaspernecklace\nmc_shipping2: \"0.00\"\ninvoice: \"498\"\nmc_shipping: \"0.00\"\nitem_name5: Handmade painted pot\nmc_shipping3: \"0.00\"\ncharset: windows-1252\nverify_sign: AFcWxV21C7fd0v3bYYYRCpSSRl31AyghtlZp06aCkF6h9O1bf1UCF3.H\npayment_type: instant\nmc_shipping4: \"0.00\"\nmc_shipping5: \"0.00\"\nprotection_eligibility: Ineligible\nquantity1: \"1\"\nmc_gross_1: \"99.00\"\nsecret: bonk889\nquantity2: \"1\"\ncustom: \"\"\nmc_handling1: \"0.00\"\nmc_gross_2: \"50.00\"\naddress_city: San Jose\nquantity3: \"1\"\nmc_handling2: \"0.00\"\nmc_gross_3: \"50.00\"\npayer_status: verified\nmc_handling3: \"0.00\"\nmc_gross_4: \"50.00\"\naddress_country_code: US\npayment_fee: \"8.97\"\naddress_name: Test User\nquantity4: \"1\"\nmc_handling4: \"0.00\"\nmc_gross_5: \"50.00\"\naddress_street: 1 Main St\nquantity5: \"1\"\npayment_status: Pending\nmc_handling5: \"0.00\"\nlast_name: User\npayment_date: 13:46:16 Mar 02, 2011 PST\ntxn_id: 9U748559BP1236441\nbusiness: Seller_1286067248_biz@gmail.com\nmc_handling: \"0.00\"\ntest_ipn: \"1\"\ntax: \"0.00\"\naddress_state: CA\nmc_fee: \"8.97\"\npending_reason: paymentreview\nitem_number1: \"1\"\nnotify_version: \"3.0\"\nitem_number2: \"1\"\nresidence_country: US\npayer_email: vlogic_1286150750_per@gmail.com\naddress_country: United States\npayment_gross: \"299.00\"\naddress_zip: \"95131\"\nreceiver_email: Seller_1286067248_biz@gmail.com\nfirst_name: Test\nitem_number3: \"1\"\ncontroller: payment_notifications\npayer_id: F8H88J9UBMTCY\naction: create\nitem_number4: \"1\"\nnum_cart_items: \"5\"\nitem_name1: Fetish necklace with Zuni Bears\ntransaction_subject: Shopping Cart\nitem_name2: Sterling inlay Zuni belt buckle\nitem_number5: \"1\"\n',498,'Pending','9U748559BP1236441','2011-03-02 21:47:33','2011-03-02 21:47:33'),(20,'--- !map:HashWithIndifferentAccess \naddress_city: San Jose\naddress_name: Test User\npayment_status: Pending\ntax: \"0.00\"\nreceiver_email: Seller_1286067248_biz@gmail.com\nmc_shipping: \"0.00\"\npayment_gross: \"174.00\"\ntransaction_subject: Shopping Cart\nreceiver_id: 3HJ4DDLKLCK26\naddress_country: United States\nbusiness: Seller_1286067248_biz@gmail.com\naddress_zip: \"95131\"\ninvoice: \"457\"\npending_reason: paymentreview\nmc_currency: USD\nmc_gross_1: \"99.00\"\npayment_fee: \"5.35\"\nitem_name1: Fetish necklace with Zuni Bears\nnotify_version: \"3.0\"\naction: create\nmc_gross_2: \"75.00\"\nitem_name2: claw necklace\ntxn_id: 5HL60675FX612482C\nverify_sign: AM2TQ2-EM-dEmcqBS5z6eiOskz1AAID6oCvKCj0TMEWIClMm.dVDKlDz\nmc_handling1: \"0.00\"\naddress_country_code: US\naddress_street: 1 Main St\ntest_ipn: \"1\"\ntxn_type: cart\nmc_shipping1: \"0.00\"\nmc_handling2: \"0.00\"\nlast_name: User\nmc_shipping2: \"0.00\"\nmc_fee: \"5.35\"\nmc_handling: \"0.00\"\ncharset: windows-1252\npayer_id: F8H88J9UBMTCY\naddress_status: confirmed\nmc_gross: \"174.00\"\nquantity1: \"1\"\naddress_state: CA\nnum_cart_items: \"2\"\npayer_status: verified\ncustom: \"\"\nitem_number1: \"1\"\ncontroller: payment_notifications\nresidence_country: US\nquantity2: \"1\"\npayer_email: vlogic_1286150750_per@gmail.com\npayment_date: 17:53:46 Feb 21, 2011 PST\nitem_number2: \"1\"\nprotection_eligibility: Ineligible\npayment_type: instant\nfirst_name: Test\n',457,'Pending','5HL60675FX612482C','2011-03-03 05:21:49','2011-03-03 05:21:49'),(21,'--- !map:HashWithIndifferentAccess \naddress_city: San Jose\naddress_name: Test User\npayment_status: Pending\ntax: \"0.00\"\nreceiver_email: Seller_1286067248_biz@gmail.com\nmc_shipping: \"0.00\"\npayment_gross: \"150.00\"\ntransaction_subject: Shopping Cart\nreceiver_id: 3HJ4DDLKLCK26\naddress_country: United States\nbusiness: Seller_1286067248_biz@gmail.com\naddress_zip: \"95131\"\ninvoice: \"410\"\npending_reason: paymentreview\nmc_currency: USD\nmc_gross_1: \"50.00\"\npayment_fee: \"4.65\"\nitem_name1: Necklace\nnotify_version: \"3.0\"\naction: create\nmc_gross_2: \"50.00\"\nitem_name2: Turquoise and Jasper necklace\ntxn_id: 2TF43871K0187153K\nverify_sign: AqgUqLWH.7LDuPusVgDseOZNZpW2AOZiK4dtSeKkcmdJv6NE.7u9UnIO\nmc_handling1: \"0.00\"\naddress_country_code: US\naddress_street: 1 Main St\ntest_ipn: \"1\"\nmc_gross_3: \"50.00\"\ntxn_type: cart\nitem_name3: Katchina Hopi sun face\nmc_shipping1: \"0.00\"\nmc_handling2: \"0.00\"\nlast_name: User\nmc_shipping2: \"0.00\"\nmc_handling3: \"0.00\"\nmc_fee: \"4.65\"\nmc_handling: \"0.00\"\ncharset: windows-1252\npayer_id: F8H88J9UBMTCY\naddress_status: confirmed\nmc_gross: \"150.00\"\nquantity1: \"1\"\naddress_state: CA\nmc_shipping3: \"0.00\"\nnum_cart_items: \"3\"\npayer_status: verified\ncustom: \"\"\nitem_number1: \"1\"\ncontroller: payment_notifications\nresidence_country: US\nquantity2: \"1\"\npayer_email: vlogic_1286150750_per@gmail.com\npayment_date: 11:53:42 Feb 16, 2011 PST\nitem_number2: \"1\"\nprotection_eligibility: Ineligible\nquantity3: \"1\"\npayment_type: instant\nfirst_name: Test\nitem_number3: \"1\"\n',410,'Pending','2TF43871K0187153K','2011-03-05 18:23:44','2011-03-05 18:23:44');
/*!40000 ALTER TABLE `payment_notifications` ENABLE KEYS */;
UNLOCK TABLES;

--
-- Table structure for table `schema_migrations`
--

DROP TABLE IF EXISTS `schema_migrations`;
/*!40101 SET @saved_cs_client     = @@character_set_client */;
/*!40101 SET character_set_client = utf8 */;
CREATE TABLE `schema_migrations` (
  `version` varchar(255) NOT NULL,
  UNIQUE KEY `unique_schema_migrations` (`version`)
) ENGINE=InnoDB DEFAULT CHARSET=latin1;
/*!40101 SET character_set_client = @saved_cs_client */;

--
-- Dumping data for table `schema_migrations`
--

LOCK TABLES `schema_migrations` WRITE;
/*!40000 ALTER TABLE `schema_migrations` DISABLE KEYS */;
INSERT INTO `schema_migrations` VALUES ('20100703190728'),('20100704004023'),('20100704193019'),('20100708061623'),('20100708063445'),('20100710010854'),('20100817221115'),('20100824214331'),('20100824214339'),('20100905220901'),('20100906023344'),('20100906023514'),('20100926055539'),('20100928064822'),('20100928065302'),('20110215224438'),('20110216233226'),('20110222081640'),('20110306194740');
/*!40000 ALTER TABLE `schema_migrations` ENABLE KEYS */;
UNLOCK TABLES;

--
-- Table structure for table `users`
--

DROP TABLE IF EXISTS `users`;
/*!40101 SET @saved_cs_client     = @@character_set_client */;
/*!40101 SET character_set_client = utf8 */;
CREATE TABLE `users` (
  `id` int(11) NOT NULL AUTO_INCREMENT,
  `username` varchar(255) DEFAULT NULL,
  `email` varchar(255) DEFAULT NULL,
  `crypted_password` varchar(255) DEFAULT NULL,
  `password_salt` varchar(255) DEFAULT NULL,
  `persistence_token` varchar(255) DEFAULT NULL,
  `created_at` datetime DEFAULT NULL,
  `updated_at` datetime DEFAULT NULL,
  `first_name` varchar(255) NOT NULL,
  `last_name` varchar(255) NOT NULL,
  `user_level` int(11) NOT NULL DEFAULT '1',
  `bio` text,
  `photo_file_name` varchar(255) DEFAULT NULL,
  `photo_content_type` varchar(255) DEFAULT NULL,
  `photo_file_size` int(11) DEFAULT NULL,
  `photo_updated_at` datetime DEFAULT NULL,
  PRIMARY KEY (`id`)
) ENGINE=InnoDB AUTO_INCREMENT=5 DEFAULT CHARSET=latin1;
/*!40101 SET character_set_client = @saved_cs_client */;

--
-- Dumping data for table `users`
--

LOCK TABLES `users` WRITE;
/*!40000 ALTER TABLE `users` DISABLE KEYS */;
INSERT INTO `users` VALUES (1,'Wolf','shunkaska55@yahoo.com','93b975da2061a2e3296daf88568a8875770f9b348feb3614cd9e8a5ff8c0eb7c6cb1ab43dce04280313df1ac92a515c3adf23d5fc7dc501fc106fac9ba641f75','KlKsp30fg7bzVNqWEgWE','35002b03f0f5a755312b3216203b2f12591b60165d1c76fd5c506d2fec0877bdbc416e14edd52d644905a32337e0ee2d0307b7679110a98fb8891f6a10711b6c','2010-07-09 22:06:28','2010-09-26 04:42:53','Mark','Faulkins',4,'this biography','DSC00175.JPG','image/jpeg',2613928,'2010-09-26 04:42:47'),(2,'Admin','headley.douglas@gmail.com','154ec2b59b3d0c9c79a3f4d7fe9b11350af57797073c0731d71336ce53d59b6b1148d1fd2660a568f6765c6db7ddd96142b9f542c3a4a74acfb43f01e039ba7f','KBzw8BdsF3FIIWL_XwcV','26ff1c7f17e519055be4bc41ba0998513d41cacbeb2a89ef7135b88873d4708b1c524bb5b19000e3ac3cb1f8e4c0de27dc635232242b8118e3b419415efed5ee','2010-07-09 23:21:38','2010-08-18 00:04:58','Doug','Headley',5,NULL,NULL,NULL,NULL,NULL),(3,'testmaster','fucku@fucku.com','ff071977988ecec830df48725d368d1f0913004cdbfd5ef9cbdb4a4d7b927cd391756232045c16c8ea131ee3fb26c6f84575429fec48b0bc9a3db256dce6f36e','5qIwsG4yjEHFNFLP2uTJ','c3cfa41ec30dfd62433d311c3d8336f3c858ee9f809b5b7e111d7a42f322112da14acb121565662a9c962fb1dd0e75acb4317d73ef9c3858c51e28ee3e157d4d','2010-11-04 05:47:30','2010-11-04 05:47:30','Test','testmaster',3,'I don\'t have a bio, but this is to test user level 3',NULL,NULL,NULL,NULL),(4,'kasi','kkfaulkins@gmail.com','5c94ed80ff69e8a9ac71fc75d915b975659b2319f320f9f6ff312eeaf8ddefe34371fd796c44962a48338cf69959c6b08626e011b2874b7aa72f6ac8cfcbee07','QWfG7LFwNSpTNdS3Dw4s','cf7a6aeb5d77aa97606eb4219c504e0bbde8cd4142ca9a8d6005d82a5f56376f48fc9e4e33b54a403c18142c859597e9b35492a4c96da47af9e995ff47ea7da9','2010-11-13 19:07:41','2010-11-13 19:07:41','Kasi','Faulkins',4,'this is the bio',NULL,NULL,NULL,NULL);
/*!40000 ALTER TABLE `users` ENABLE KEYS */;
UNLOCK TABLES;
/*!40103 SET TIME_ZONE=@OLD_TIME_ZONE */;

/*!40101 SET SQL_MODE=@OLD_SQL_MODE */;
/*!40014 SET FOREIGN_KEY_CHECKS=@OLD_FOREIGN_KEY_CHECKS */;
/*!40014 SET UNIQUE_CHECKS=@OLD_UNIQUE_CHECKS */;
/*!40101 SET CHARACTER_SET_CLIENT=@OLD_CHARACTER_SET_CLIENT */;
/*!40101 SET CHARACTER_SET_RESULTS=@OLD_CHARACTER_SET_RESULTS */;
/*!40101 SET COLLATION_CONNECTION=@OLD_COLLATION_CONNECTION */;
/*!40111 SET SQL_NOTES=@OLD_SQL_NOTES */;

-- Dump completed on 2011-03-20 15:26:09
